use teamTracker;

-- INSERT statements for Team table
-- Source: Team.csv
-- Total records: 6

INSERT INTO Team (teamID, teamName, teamColor) VALUES (1, 'Northeastern', 'Violet');
INSERT INTO Team (teamID, teamName, teamColor) VALUES (2, 'Tufts', 'Red');
INSERT INTO Team (teamID, teamName, teamColor) VALUES (3, 'BU', 'Goldenrod');
INSERT INTO Team (teamID, teamName, teamColor) VALUES (4, 'MIT', 'Turquoise');
INSERT INTO Team (teamID, teamName, teamColor) VALUES (5, 'HARVARD', 'Purple');
INSERT INTO Team (teamID, teamName, teamColor) VALUES (6, 'BC', 'Aquamarine');

-- INSERT statements for Admin table
-- Source: Admin.csv
-- Total records: 40

INSERT INTO Admin (adminID, name, email, phoneNumber, teamID) VALUES (1, 'Larisa Gunthorp', 'lgunthorp0@constantcontact.com', '127-625-6230', 3);
INSERT INTO Admin (adminID, name, email, phoneNumber, teamID) VALUES (2, 'Woody Cochern', 'wcochern1@ustream.tv', '601-670-1710', 3);
INSERT INTO Admin (adminID, name, email, phoneNumber, teamID) VALUES (3, 'Alyse Demcak', 'ademcak2@geocities.jp', '327-242-5688', 4);
INSERT INTO Admin (adminID, name, email, phoneNumber, teamID) VALUES (4, 'Thorvald Blague', 'tblague3@comsenz.com', '891-526-1556', 2);
INSERT INTO Admin (adminID, name, email, phoneNumber, teamID) VALUES (5, 'Joli Grzeszczyk', 'jgrzeszczyk4@geocities.com', '444-986-5013', 5);
INSERT INTO Admin (adminID, name, email, phoneNumber, teamID) VALUES (6, 'Drusi Kendle', 'dkendle5@cnet.com', '558-141-2382', 4);
INSERT INTO Admin (adminID, name, email, phoneNumber, teamID) VALUES (7, 'Carma MacCurley', 'cmaccurley6@last.fm', '816-277-4970', 2);
INSERT INTO Admin (adminID, name, email, phoneNumber, teamID) VALUES (8, 'Antonio Whewill', 'awhewill7@geocities.com', '505-585-8406', 1);
INSERT INTO Admin (adminID, name, email, phoneNumber, teamID) VALUES (9, 'Bamby Goodrich', 'bgoodrich8@nyu.edu', '393-473-3165', 3);
INSERT INTO Admin (adminID, name, email, phoneNumber, teamID) VALUES (10, 'Estella Birtwhistle', 'ebirtwhistle9@loc.gov', '495-140-7974', 2);
INSERT INTO Admin (adminID, name, email, phoneNumber, teamID) VALUES (11, 'Debby Mabone', 'dmabonea@admin.ch', '465-889-4797', 6);
INSERT INTO Admin (adminID, name, email, phoneNumber, teamID) VALUES (12, 'Jacintha Dummett', 'jdummettb@weebly.com', '151-500-2178', 2);
INSERT INTO Admin (adminID, name, email, phoneNumber, teamID) VALUES (13, 'Jozef Sinnock', 'jsinnockc@biblegateway.com', '419-536-0877', 6);
INSERT INTO Admin (adminID, name, email, phoneNumber, teamID) VALUES (14, 'Floyd Winfrey', 'fwinfreyd@comcast.net', '381-463-8690', 2);
INSERT INTO Admin (adminID, name, email, phoneNumber, teamID) VALUES (15, 'Bennie Calton', 'bcaltone@mozilla.org', '461-525-7969', 3);
INSERT INTO Admin (adminID, name, email, phoneNumber, teamID) VALUES (16, 'Eartha Pyne', 'epynef@netscape.com', '277-973-5222', 3);
INSERT INTO Admin (adminID, name, email, phoneNumber, teamID) VALUES (17, 'Chiquia Savatier', 'csavatierg@alexa.com', '577-672-0778', 5);
INSERT INTO Admin (adminID, name, email, phoneNumber, teamID) VALUES (18, 'Antone Sherrin', 'asherrinh@nhs.uk', '571-669-9904', 1);
INSERT INTO Admin (adminID, name, email, phoneNumber, teamID) VALUES (19, 'Annabel Giacoppoli', 'agiacoppolii@networkadvertising.org', '330-920-5576', 2);
INSERT INTO Admin (adminID, name, email, phoneNumber, teamID) VALUES (20, 'Arin Aloshechkin', 'aaloshechkinj@cnbc.com', '285-259-7319', 2);
INSERT INTO Admin (adminID, name, email, phoneNumber, teamID) VALUES (21, 'Doria Berendsen', 'dberendsenk@hubpages.com', '254-200-8914', 4);
INSERT INTO Admin (adminID, name, email, phoneNumber, teamID) VALUES (22, 'Sidnee Radcliffe', 'sradcliffel@ucsd.edu', '895-629-1175', 6);
INSERT INTO Admin (adminID, name, email, phoneNumber, teamID) VALUES (23, 'Daria Brech', 'dbrechm@tinypic.com', '145-409-5017', 5);
INSERT INTO Admin (adminID, name, email, phoneNumber, teamID) VALUES (24, 'Maurizia Hacquel', 'mhacqueln@chron.com', '738-139-6541', 1);
INSERT INTO Admin (adminID, name, email, phoneNumber, teamID) VALUES (25, 'Maritsa Hannum', 'mhannumo@trellian.com', '252-795-2891', 5);
INSERT INTO Admin (adminID, name, email, phoneNumber, teamID) VALUES (26, 'Malena Frude', 'mfrudep@g.co', '722-312-3968', 1);
INSERT INTO Admin (adminID, name, email, phoneNumber, teamID) VALUES (27, 'Iorgos Signore', 'isignoreq@canalblog.com', '968-216-5046', 3);
INSERT INTO Admin (adminID, name, email, phoneNumber, teamID) VALUES (28, 'Gabriel Whittick', 'gwhittickr@typepad.com', '949-220-4983', 4);
INSERT INTO Admin (adminID, name, email, phoneNumber, teamID) VALUES (29, 'Ranice Yoseloff', 'ryoseloffs@nps.gov', '528-618-4263', 5);
INSERT INTO Admin (adminID, name, email, phoneNumber, teamID) VALUES (30, 'Agosto Roddick', 'aroddickt@unicef.org', '344-558-9160', 4);
INSERT INTO Admin (adminID, name, email, phoneNumber, teamID) VALUES (31, 'Boigie Corner', 'bcorneru@omniture.com', '743-560-0268', 3);
INSERT INTO Admin (adminID, name, email, phoneNumber, teamID) VALUES (32, 'Candice Brozsset', 'cbrozssetv@shareasale.com', '508-580-8305', 1);
INSERT INTO Admin (adminID, name, email, phoneNumber, teamID) VALUES (33, 'Ivette Losebie', 'ilosebiew@friendfeed.com', '435-234-9355', 6);
INSERT INTO Admin (adminID, name, email, phoneNumber, teamID) VALUES (34, 'Filippo Liverseege', 'fliverseegex@cnbc.com', '357-659-1944', 5);
INSERT INTO Admin (adminID, name, email, phoneNumber, teamID) VALUES (35, 'Emanuele Moralas', 'emoralasy@alibaba.com', '165-328-3818', 4);
INSERT INTO Admin (adminID, name, email, phoneNumber, teamID) VALUES (36, 'Mercy Underwood', 'munderwoodz@dion.ne.jp', '401-282-7399', 2);
INSERT INTO Admin (adminID, name, email, phoneNumber, teamID) VALUES (37, 'Merola Dowdle', 'mdowdle10@biglobe.ne.jp', '491-739-1801', 3);
INSERT INTO Admin (adminID, name, email, phoneNumber, teamID) VALUES (38, 'Ware Hammon', 'whammon11@multiply.com', '240-643-0015', 3);
INSERT INTO Admin (adminID, name, email, phoneNumber, teamID) VALUES (39, 'Betsey Volcker', 'bvolcker12@statcounter.com', '549-276-4141', 4);
INSERT INTO Admin (adminID, name, email, phoneNumber, teamID) VALUES (40, 'Glyn Ansty', 'gansty13@craigslist.org', '135-158-1890', 2);

-- INSERT statements for Analyst table
-- Source: Analyst.csv
-- Total records: 40

INSERT INTO Analyst (analystID, name, email, phoneNumber, teamID) VALUES (1, 'Nikkie Fuentes', 'nfuentes0@squidoo.com', '805-637-6126', 2);
INSERT INTO Analyst (analystID, name, email, phoneNumber, teamID) VALUES (2, 'Angela Offa', 'aoffa1@latimes.com', '220-214-8216', 4);
INSERT INTO Analyst (analystID, name, email, phoneNumber, teamID) VALUES (3, 'Daffy Yggo', 'dyggo2@vkontakte.ru', '206-911-2929', 1);
INSERT INTO Analyst (analystID, name, email, phoneNumber, teamID) VALUES (4, 'Ilse Torrecilla', 'itorrecilla3@tumblr.com', '210-677-5077', 4);
INSERT INTO Analyst (analystID, name, email, phoneNumber, teamID) VALUES (5, 'Hendrick Haspineall', 'hhaspineall4@independent.co.uk', '400-265-3696', 3);
INSERT INTO Analyst (analystID, name, email, phoneNumber, teamID) VALUES (6, 'Tammi Mably', 'tmably5@geocities.jp', '383-655-2721', 6);
INSERT INTO Analyst (analystID, name, email, phoneNumber, teamID) VALUES (7, 'Carmencita Dunsleve', 'cdunsleve6@eventbrite.com', '957-558-8917', 3);
INSERT INTO Analyst (analystID, name, email, phoneNumber, teamID) VALUES (8, 'Tripp Van Giffen', 'tvan7@google.it', '961-955-8646', 1);
INSERT INTO Analyst (analystID, name, email, phoneNumber, teamID) VALUES (9, 'Jorry Pavluk', 'jpavluk8@uiuc.edu', '368-795-2125', 6);
INSERT INTO Analyst (analystID, name, email, phoneNumber, teamID) VALUES (10, 'Sharl Marskell', 'smarskell9@quantcast.com', '740-459-8802', 2);
INSERT INTO Analyst (analystID, name, email, phoneNumber, teamID) VALUES (11, 'Hasheem Skates', 'hskatesa@imdb.com', '313-196-7700', 1);
INSERT INTO Analyst (analystID, name, email, phoneNumber, teamID) VALUES (12, 'Grenville Finan', 'gfinanb@noaa.gov', '575-844-3701', 1);
INSERT INTO Analyst (analystID, name, email, phoneNumber, teamID) VALUES (13, 'Abbe Levinge', 'alevingec@hatena.ne.jp', '217-402-7130', 2);
INSERT INTO Analyst (analystID, name, email, phoneNumber, teamID) VALUES (14, 'Gale Shurlock', 'gshurlockd@ca.gov', '946-780-0967', 6);
INSERT INTO Analyst (analystID, name, email, phoneNumber, teamID) VALUES (15, 'Leese Brager', 'lbragere@bbb.org', '975-882-1842', 2);
INSERT INTO Analyst (analystID, name, email, phoneNumber, teamID) VALUES (16, 'Aviva Van der Linde', 'avanf@businessweek.com', '471-582-3082', 3);
INSERT INTO Analyst (analystID, name, email, phoneNumber, teamID) VALUES (17, 'Ingra Benterman', 'ibentermang@soundcloud.com', '634-544-7647', 1);
INSERT INTO Analyst (analystID, name, email, phoneNumber, teamID) VALUES (18, 'Devon Laurentino', 'dlaurentinoh@mayoclinic.com', '274-123-8697', 4);
INSERT INTO Analyst (analystID, name, email, phoneNumber, teamID) VALUES (19, 'Devina Mayer', 'dmayeri@wired.com', '778-840-7814', 3);
INSERT INTO Analyst (analystID, name, email, phoneNumber, teamID) VALUES (20, 'Fons Badger', 'fbadgerj@narod.ru', '669-480-5113', 2);
INSERT INTO Analyst (analystID, name, email, phoneNumber, teamID) VALUES (21, 'Orbadiah MacMakin', 'omacmakink@issuu.com', '892-497-0811', 4);
INSERT INTO Analyst (analystID, name, email, phoneNumber, teamID) VALUES (22, 'Karin Jeandeau', 'kjeandeaul@alexa.com', '877-323-0514', 3);
INSERT INTO Analyst (analystID, name, email, phoneNumber, teamID) VALUES (23, 'Kristofor Bischoff', 'kbischoffm@simplemachines.org', '835-623-3438', 2);
INSERT INTO Analyst (analystID, name, email, phoneNumber, teamID) VALUES (24, 'Dunc Diperaus', 'ddiperausn@indiatimes.com', '900-111-0074', 2);
INSERT INTO Analyst (analystID, name, email, phoneNumber, teamID) VALUES (25, 'Kania Jakovijevic', 'kjakovijevico@eventbrite.com', '879-508-6452', 2);
INSERT INTO Analyst (analystID, name, email, phoneNumber, teamID) VALUES (26, 'Enrika Mingay', 'emingayp@state.gov', '592-133-3620', 3);
INSERT INTO Analyst (analystID, name, email, phoneNumber, teamID) VALUES (27, 'Florinda Keywood', 'fkeywoodq@simplemachines.org', '654-294-1062', 3);
INSERT INTO Analyst (analystID, name, email, phoneNumber, teamID) VALUES (28, 'Joela Huggens', 'jhuggensr@google.com.hk', '912-171-4370', 6);
INSERT INTO Analyst (analystID, name, email, phoneNumber, teamID) VALUES (29, 'Peder Scarlett', 'pscarletts@yahoo.com', '815-472-8998', 3);
INSERT INTO Analyst (analystID, name, email, phoneNumber, teamID) VALUES (30, 'Saudra Brozek', 'sbrozekt@nytimes.com', '687-595-6067', 3);
INSERT INTO Analyst (analystID, name, email, phoneNumber, teamID) VALUES (31, 'Lesley Whordley', 'lwhordleyu@techcrunch.com', '662-645-3234', 1);
INSERT INTO Analyst (analystID, name, email, phoneNumber, teamID) VALUES (32, 'Lauretta Sharnock', 'lsharnockv@pagesperso-orange.fr', '803-524-5421', 3);
INSERT INTO Analyst (analystID, name, email, phoneNumber, teamID) VALUES (33, 'Ara Ducroe', 'aducroew@engadget.com', '138-509-7953', 4);
INSERT INTO Analyst (analystID, name, email, phoneNumber, teamID) VALUES (34, 'Newton Hevey', 'nheveyx@uiuc.edu', '521-602-2504', 1);
INSERT INTO Analyst (analystID, name, email, phoneNumber, teamID) VALUES (35, 'Dena Beddow', 'dbeddowy@shutterfly.com', '537-247-9844', 5);
INSERT INTO Analyst (analystID, name, email, phoneNumber, teamID) VALUES (36, 'Tiena Lapthorne', 'tlapthornez@mozilla.org', '813-851-9393', 6);
INSERT INTO Analyst (analystID, name, email, phoneNumber, teamID) VALUES (37, 'Bronnie Fulmen', 'bfulmen10@bing.com', '557-212-2375', 2);
INSERT INTO Analyst (analystID, name, email, phoneNumber, teamID) VALUES (38, 'Madelyn Springer', 'mspringer11@google.es', '386-996-6151', 4);
INSERT INTO Analyst (analystID, name, email, phoneNumber, teamID) VALUES (39, 'Brandyn Stopford', 'bstopford12@altervista.org', '383-890-7385', 2);
INSERT INTO Analyst (analystID, name, email, phoneNumber, teamID) VALUES (40, 'Alyda Melly', 'amelly13@state.tx.us', '743-390-4793', 1);

-- INSERT statements for Coach table
-- Source: Coach.csv
-- Total records: 40

INSERT INTO Coach (coachID, name, email, phoneNumber, teamID) VALUES (1, 'Harper Fryett', 'hfryett0@nationalgeographic.com', '751-492-1941', 1);
INSERT INTO Coach (coachID, name, email, phoneNumber, teamID) VALUES (2, 'Antonin Orsman', 'aorsman1@mac.com', '719-325-7253', 4);
INSERT INTO Coach (coachID, name, email, phoneNumber, teamID) VALUES (3, 'Matelda Whistlecroft', 'mwhistlecroft2@hibu.com', '925-649-7387', 4);
INSERT INTO Coach (coachID, name, email, phoneNumber, teamID) VALUES (4, 'Kippy Canning', 'kcanning3@archive.org', '995-848-8343', 3);
INSERT INTO Coach (coachID, name, email, phoneNumber, teamID) VALUES (5, 'Boone Loos', 'bloos4@technorati.com', '644-692-7081', 4);
INSERT INTO Coach (coachID, name, email, phoneNumber, teamID) VALUES (6, 'Caprice Calbert', 'ccalbert5@livejournal.com', '761-186-7688', 2);
INSERT INTO Coach (coachID, name, email, phoneNumber, teamID) VALUES (7, 'Urbain Tisun', 'utisun6@odnoklassniki.ru', '514-154-0840', 3);
INSERT INTO Coach (coachID, name, email, phoneNumber, teamID) VALUES (8, 'Theodoric Curthoys', 'tcurthoys7@nationalgeographic.com', '379-824-9301', 6);
INSERT INTO Coach (coachID, name, email, phoneNumber, teamID) VALUES (9, 'Rudolfo Broadwood', 'rbroadwood8@sohu.com', '767-948-0905', 2);
INSERT INTO Coach (coachID, name, email, phoneNumber, teamID) VALUES (10, 'Jemie Handforth', 'jhandforth9@imgur.com', '252-684-9740', 4);
INSERT INTO Coach (coachID, name, email, phoneNumber, teamID) VALUES (11, 'Ari Karys', 'akarysa@nymag.com', '405-984-7322', 1);
INSERT INTO Coach (coachID, name, email, phoneNumber, teamID) VALUES (12, 'Ray Sprowell', 'rsprowellb@myspace.com', '574-243-3707', 4);
INSERT INTO Coach (coachID, name, email, phoneNumber, teamID) VALUES (13, 'Dasha Greeves', 'dgreevesc@nyu.edu', '955-279-6271', 4);
INSERT INTO Coach (coachID, name, email, phoneNumber, teamID) VALUES (14, 'Jemmie Boutell', 'jboutelld@walmart.com', '755-323-6576', 5);
INSERT INTO Coach (coachID, name, email, phoneNumber, teamID) VALUES (15, 'Consolata Tincknell', 'ctincknelle@clickbank.net', '773-365-2469', 6);
INSERT INTO Coach (coachID, name, email, phoneNumber, teamID) VALUES (16, 'Ban Duerdin', 'bduerdinf@noaa.gov', '776-371-9395', 5);
INSERT INTO Coach (coachID, name, email, phoneNumber, teamID) VALUES (17, 'Bella Stag', 'bstagg@cmu.edu', '606-932-6824', 3);
INSERT INTO Coach (coachID, name, email, phoneNumber, teamID) VALUES (18, 'Shepard Follan', 'sfollanh@census.gov', '348-346-5901', 1);
INSERT INTO Coach (coachID, name, email, phoneNumber, teamID) VALUES (19, 'Herbie Bergstrand', 'hbergstrandi@virginia.edu', '573-909-1554', 5);
INSERT INTO Coach (coachID, name, email, phoneNumber, teamID) VALUES (20, 'Joy Lippitt', 'jlippittj@ocn.ne.jp', '798-135-6016', 6);
INSERT INTO Coach (coachID, name, email, phoneNumber, teamID) VALUES (21, 'Terrell Rodolf', 'trodolfk@admin.ch', '979-344-0305', 1);
INSERT INTO Coach (coachID, name, email, phoneNumber, teamID) VALUES (22, 'Walker Goldup', 'wgoldupl@jiathis.com', '632-192-5319', 2);
INSERT INTO Coach (coachID, name, email, phoneNumber, teamID) VALUES (23, 'Essa Timeby', 'etimebym@alexa.com', '913-231-2771', 1);
INSERT INTO Coach (coachID, name, email, phoneNumber, teamID) VALUES (24, 'Clevie Clubbe', 'cclubben@nationalgeographic.com', '316-105-5330', 4);
INSERT INTO Coach (coachID, name, email, phoneNumber, teamID) VALUES (25, 'Craig McCartan', 'cmccartano@studiopress.com', '971-555-0117', 2);
INSERT INTO Coach (coachID, name, email, phoneNumber, teamID) VALUES (26, 'Yard Weich', 'yweichp@ow.ly', '194-863-8837', 5);
INSERT INTO Coach (coachID, name, email, phoneNumber, teamID) VALUES (27, 'Lilah Buxam', 'lbuxamq@accuweather.com', '836-698-5028', 2);
INSERT INTO Coach (coachID, name, email, phoneNumber, teamID) VALUES (28, 'Bernita Ahern', 'bahernr@dmoz.org', '815-386-7119', 6);
INSERT INTO Coach (coachID, name, email, phoneNumber, teamID) VALUES (29, 'Verene Milesop', 'vmilesops@epa.gov', '361-578-5305', 4);
INSERT INTO Coach (coachID, name, email, phoneNumber, teamID) VALUES (30, 'Brittne Fernandez', 'bfernandezt@booking.com', '721-694-8287', 1);
INSERT INTO Coach (coachID, name, email, phoneNumber, teamID) VALUES (31, 'Nestor McGovern', 'nmcgovernu@oakley.com', '810-458-0928', 6);
INSERT INTO Coach (coachID, name, email, phoneNumber, teamID) VALUES (32, 'Fidel Quakley', 'fquakleyv@smh.com.au', '116-300-0476', 3);
INSERT INTO Coach (coachID, name, email, phoneNumber, teamID) VALUES (33, 'Cindelyn Bockman', 'cbockmanw@weebly.com', '147-962-4531', 2);
INSERT INTO Coach (coachID, name, email, phoneNumber, teamID) VALUES (34, 'Pasquale Cockerell', 'pcockerellx@pinterest.com', '625-885-7440', 5);
INSERT INTO Coach (coachID, name, email, phoneNumber, teamID) VALUES (35, 'Erin Linny', 'elinnyy@washingtonpost.com', '848-470-5536', 1);
INSERT INTO Coach (coachID, name, email, phoneNumber, teamID) VALUES (36, 'Tildie Blackstock', 'tblackstockz@fda.gov', '699-859-8600', 4);
INSERT INTO Coach (coachID, name, email, phoneNumber, teamID) VALUES (37, 'Alfred Liveing', 'aliveing10@mapquest.com', '311-296-4257', 6);
INSERT INTO Coach (coachID, name, email, phoneNumber, teamID) VALUES (38, 'Libbey Kinforth', 'lkinforth11@nasa.gov', '565-123-4151', 6);
INSERT INTO Coach (coachID, name, email, phoneNumber, teamID) VALUES (39, 'Audy Perazzo', 'aperazzo12@360.cn', '172-395-3426', 4);
INSERT INTO Coach (coachID, name, email, phoneNumber, teamID) VALUES (40, 'Sterling Andriesse', 'sandriesse13@bandcamp.com', '183-975-5982', 3);



-- INSERT statements for Players table
-- Source: Players.csv
-- Total records: 96

INSERT INTO Players (playerID, name, position, gradYear, phoneNumber, jerseyNumber, teamID) VALUES (1, 'Bordie Balfe', 'Forward', 2025, '687-657-3785', 97, 4);
INSERT INTO Players (playerID, name, position, gradYear, phoneNumber, jerseyNumber, teamID) VALUES (2, 'Monty Follan', 'Forward', 2029, '972-209-0643', 81, 1);
INSERT INTO Players (playerID, name, position, gradYear, phoneNumber, jerseyNumber, teamID) VALUES (3, 'Shellysheldon Dilon', 'Goalkeeper', 2025, '809-993-8726', 61, 5);
INSERT INTO Players (playerID, name, position, gradYear, phoneNumber, jerseyNumber, teamID) VALUES (4, 'Debera Proger', 'Goalkeeper', 2025, '127-877-4151', 48, 4);
INSERT INTO Players (playerID, name, position, gradYear, phoneNumber, jerseyNumber, teamID) VALUES (5, 'Cassie Kynan', 'Midfielder', 2026, '253-402-2297', 92, 6);
INSERT INTO Players (playerID, name, position, gradYear, phoneNumber, jerseyNumber, teamID) VALUES (6, 'Leoline Dimitrescu', 'Defender', 2025, '652-212-1602', 37, 3);
INSERT INTO Players (playerID, name, position, gradYear, phoneNumber, jerseyNumber, teamID) VALUES (7, 'Emmie Gavin', 'Midfielder', 2026, '467-403-8801', 80, 1);
INSERT INTO Players (playerID, name, position, gradYear, phoneNumber, jerseyNumber, teamID) VALUES (8, 'Nickey Lambertson', 'Midfielder', 2029, '465-911-5092', 88, 4);
INSERT INTO Players (playerID, name, position, gradYear, phoneNumber, jerseyNumber, teamID) VALUES (9, 'Mic Dorrance', 'Goalkeeper', 2028, '297-691-9411', 63, 6);
INSERT INTO Players (playerID, name, position, gradYear, phoneNumber, jerseyNumber, teamID) VALUES (10, 'Aubrey McWhannel', 'Midfielder', 2028, '448-858-9776', 34, 6);
INSERT INTO Players (playerID, name, position, gradYear, phoneNumber, jerseyNumber, teamID) VALUES (11, 'Roda Chaim', 'Forward', 2027, '752-102-4592', 84, 4);
INSERT INTO Players (playerID, name, position, gradYear, phoneNumber, jerseyNumber, teamID) VALUES (12, 'Charyl Skyrme', 'Midfielder', 2025, '727-838-9038', 88, 2);
INSERT INTO Players (playerID, name, position, gradYear, phoneNumber, jerseyNumber, teamID) VALUES (13, 'Bearnard Btham', 'Defender', 2025, '717-644-2477', 74, 4);
INSERT INTO Players (playerID, name, position, gradYear, phoneNumber, jerseyNumber, teamID) VALUES (14, 'Arlee Tuminini', 'Forward', 2026, '136-387-1034', 43, 5);
INSERT INTO Players (playerID, name, position, gradYear, phoneNumber, jerseyNumber, teamID) VALUES (15, 'Olva Badsey', 'Defender', 2027, '705-452-3649', 36, 1);
INSERT INTO Players (playerID, name, position, gradYear, phoneNumber, jerseyNumber, teamID) VALUES (16, 'Issiah Borit', 'Midfielder', 2025, '660-725-3354', 44, 2);
INSERT INTO Players (playerID, name, position, gradYear, phoneNumber, jerseyNumber, teamID) VALUES (17, 'Goraud Farmiloe', 'Defender', 2026, '305-441-3024', 2, 1);
INSERT INTO Players (playerID, name, position, gradYear, phoneNumber, jerseyNumber, teamID) VALUES (18, 'Jojo Lashbrook', 'Forward', 2029, '363-185-5730', 18, 5);
INSERT INTO Players (playerID, name, position, gradYear, phoneNumber, jerseyNumber, teamID) VALUES (19, 'Guilbert Josef', 'Midfielder', 2029, '158-681-9530', 18, 3);
INSERT INTO Players (playerID, name, position, gradYear, phoneNumber, jerseyNumber, teamID) VALUES (20, 'Emily Fraczek', 'Goalkeeper', 2028, '186-594-6458', 53, 5);
INSERT INTO Players (playerID, name, position, gradYear, phoneNumber, jerseyNumber, teamID) VALUES (21, 'Papageno Blurton', 'Forward', 2025, '572-837-4246', 13, 4);
INSERT INTO Players (playerID, name, position, gradYear, phoneNumber, jerseyNumber, teamID) VALUES (22, 'Lorrin Waite', 'Defender', 2028, '258-249-7782', 58, 4);
INSERT INTO Players (playerID, name, position, gradYear, phoneNumber, jerseyNumber, teamID) VALUES (23, 'Missie Gowthorpe', 'Midfielder', 2026, '545-149-0188', 3, 6);
INSERT INTO Players (playerID, name, position, gradYear, phoneNumber, jerseyNumber, teamID) VALUES (24, 'Edee Nelhams', 'Defender', 2025, '462-415-2984', 79, 3);
INSERT INTO Players (playerID, name, position, gradYear, phoneNumber, jerseyNumber, teamID) VALUES (25, 'Brodie Sailes', 'Defender', 2027, '904-455-7290', 40, 4);
INSERT INTO Players (playerID, name, position, gradYear, phoneNumber, jerseyNumber, teamID) VALUES (26, 'Veronika Matyugin', 'Defender', 2029, '858-445-9423', 69, 6);
INSERT INTO Players (playerID, name, position, gradYear, phoneNumber, jerseyNumber, teamID) VALUES (27, 'Irita MacTurlough', 'Defender', 2026, '331-370-5509', 51, 3);
INSERT INTO Players (playerID, name, position, gradYear, phoneNumber, jerseyNumber, teamID) VALUES (28, 'Winonah Gozard', 'Goalkeeper', 2027, '743-341-4935', 53, 5);
INSERT INTO Players (playerID, name, position, gradYear, phoneNumber, jerseyNumber, teamID) VALUES (29, 'Joleen Stabler', 'Midfielder', 2029, '663-787-7097', 73, 4);
INSERT INTO Players (playerID, name, position, gradYear, phoneNumber, jerseyNumber, teamID) VALUES (30, 'Lenard Tayloe', 'Goalkeeper', 2029, '181-135-7381', 95, 1);
INSERT INTO Players (playerID, name, position, gradYear, phoneNumber, jerseyNumber, teamID) VALUES (31, 'Alastair Causon', 'Defender', 2027, '810-103-2210', 2, 4);
INSERT INTO Players (playerID, name, position, gradYear, phoneNumber, jerseyNumber, teamID) VALUES (32, 'Cameron Downage', 'Goalkeeper', 2027, '939-139-0668', 76, 5);
INSERT INTO Players (playerID, name, position, gradYear, phoneNumber, jerseyNumber, teamID) VALUES (33, 'Glenn Gasnell', 'Forward', 2028, '979-723-7213', 23, 2);
INSERT INTO Players (playerID, name, position, gradYear, phoneNumber, jerseyNumber, teamID) VALUES (34, 'Goldie Wims', 'Goalkeeper', 2028, '170-178-3374', 66, 4);
INSERT INTO Players (playerID, name, position, gradYear, phoneNumber, jerseyNumber, teamID) VALUES (35, 'Tabbitha Paniman', 'Defender', 2025, '188-880-8195', 81, 1);
INSERT INTO Players (playerID, name, position, gradYear, phoneNumber, jerseyNumber, teamID) VALUES (36, 'Natalina Law', 'Defender', 2027, '275-618-6254', 55, 6);
INSERT INTO Players (playerID, name, position, gradYear, phoneNumber, jerseyNumber, teamID) VALUES (37, 'Donalt Fittes', 'Defender', 2026, '796-955-3609', 50, 6);
INSERT INTO Players (playerID, name, position, gradYear, phoneNumber, jerseyNumber, teamID) VALUES (38, 'Agnes Flanner', 'Goalkeeper', 2029, '773-131-4321', 45, 5);
INSERT INTO Players (playerID, name, position, gradYear, phoneNumber, jerseyNumber, teamID) VALUES (39, 'Stacy Ughi', 'Midfielder', 2029, '659-839-4703', 4, 3);
INSERT INTO Players (playerID, name, position, gradYear, phoneNumber, jerseyNumber, teamID) VALUES (40, 'Lorrayne Peel', 'Midfielder', 2027, '199-411-3847', 34, 5);
INSERT INTO Players (playerID, name, position, gradYear, phoneNumber, jerseyNumber, teamID) VALUES (41, 'Thain Patman', 'Goalkeeper', 2025, '523-456-8563', 91, 2);
INSERT INTO Players (playerID, name, position, gradYear, phoneNumber, jerseyNumber, teamID) VALUES (42, 'Arne Slide', 'Midfielder', 2029, '513-938-1778', 44, 4);
INSERT INTO Players (playerID, name, position, gradYear, phoneNumber, jerseyNumber, teamID) VALUES (43, 'Lilla Brookzie', 'Goalkeeper', 2028, '964-822-6554', 45, 5);
INSERT INTO Players (playerID, name, position, gradYear, phoneNumber, jerseyNumber, teamID) VALUES (44, 'Katinka Dowda', 'Midfielder', 2025, '748-837-5274', 32, 2);
INSERT INTO Players (playerID, name, position, gradYear, phoneNumber, jerseyNumber, teamID) VALUES (45, 'Claudelle Cummings', 'Forward', 2029, '609-988-8859', 28, 4);
INSERT INTO Players (playerID, name, position, gradYear, phoneNumber, jerseyNumber, teamID) VALUES (46, 'Teriann Hellings', 'Defender', 2028, '761-552-7970', 31, 5);
INSERT INTO Players (playerID, name, position, gradYear, phoneNumber, jerseyNumber, teamID) VALUES (47, 'Fernanda Leupoldt', 'Goalkeeper', 2025, '140-537-5725', 39, 3);
INSERT INTO Players (playerID, name, position, gradYear, phoneNumber, jerseyNumber, teamID) VALUES (48, 'Otho Rowthorn', 'Midfielder', 2027, '349-408-5426', 36, 6);
INSERT INTO Players (playerID, name, position, gradYear, phoneNumber, jerseyNumber, teamID) VALUES (49, 'Sonnnie Kirsche', 'Goalkeeper', 2026, '286-811-1693', 45, 6);
INSERT INTO Players (playerID, name, position, gradYear, phoneNumber, jerseyNumber, teamID) VALUES (50, 'Tedra Draude', 'Midfielder', 2029, '474-981-4126', 27, 4);
INSERT INTO Players (playerID, name, position, gradYear, phoneNumber, jerseyNumber, teamID) VALUES (51, 'Patrice Costock', 'Midfielder', 2026, '152-357-1905', 81, 5);
INSERT INTO Players (playerID, name, position, gradYear, phoneNumber, jerseyNumber, teamID) VALUES (52, 'Cathyleen Bossingham', 'Midfielder', 2028, '382-564-7803', 13, 3);
INSERT INTO Players (playerID, name, position, gradYear, phoneNumber, jerseyNumber, teamID) VALUES (53, 'Maynard Hendrik', 'Forward', 2026, '770-978-4784', 47, 5);
INSERT INTO Players (playerID, name, position, gradYear, phoneNumber, jerseyNumber, teamID) VALUES (54, 'Bentley Rice', 'Forward', 2029, '401-698-2956', 75, 6);
INSERT INTO Players (playerID, name, position, gradYear, phoneNumber, jerseyNumber, teamID) VALUES (55, 'Betti Bezant', 'Goalkeeper', 2027, '477-290-6005', 29, 5);
INSERT INTO Players (playerID, name, position, gradYear, phoneNumber, jerseyNumber, teamID) VALUES (56, 'Floria Morphew', 'Defender', 2026, '242-912-0618', 54, 4);
INSERT INTO Players (playerID, name, position, gradYear, phoneNumber, jerseyNumber, teamID) VALUES (57, 'Burty Peasey', 'Midfielder', 2025, '399-278-8371', 22, 1);
INSERT INTO Players (playerID, name, position, gradYear, phoneNumber, jerseyNumber, teamID) VALUES (58, 'Tricia Milward', 'Goalkeeper', 2026, '385-279-0571', 68, 1);
INSERT INTO Players (playerID, name, position, gradYear, phoneNumber, jerseyNumber, teamID) VALUES (59, 'Christyna Nealand', 'Goalkeeper', 2025, '177-297-6039', 33, 2);
INSERT INTO Players (playerID, name, position, gradYear, phoneNumber, jerseyNumber, teamID) VALUES (60, 'Aubrette Hartmann', 'Goalkeeper', 2028, '320-768-6717', 65, 6);
INSERT INTO Players (playerID, name, position, gradYear, phoneNumber, jerseyNumber, teamID) VALUES (61, 'Veronica Arnoud', 'Forward', 2025, '837-177-6840', 87, 6);
INSERT INTO Players (playerID, name, position, gradYear, phoneNumber, jerseyNumber, teamID) VALUES (62, 'Marguerite Houndson', 'Defender', 2027, '333-740-2938', 88, 1);
INSERT INTO Players (playerID, name, position, gradYear, phoneNumber, jerseyNumber, teamID) VALUES (63, 'Olwen Woodfin', 'Defender', 2027, '476-507-3273', 57, 3);
INSERT INTO Players (playerID, name, position, gradYear, phoneNumber, jerseyNumber, teamID) VALUES (64, 'Edy Spalton', 'Goalkeeper', 2025, '692-915-5585', 13, 3);
INSERT INTO Players (playerID, name, position, gradYear, phoneNumber, jerseyNumber, teamID) VALUES (65, 'Erhart Tanguy', 'Midfielder', 2025, '622-981-7582', 41, 5);
INSERT INTO Players (playerID, name, position, gradYear, phoneNumber, jerseyNumber, teamID) VALUES (66, 'Lizzie Thornewell', 'Midfielder', 2025, '597-993-4421', 72, 6);
INSERT INTO Players (playerID, name, position, gradYear, phoneNumber, jerseyNumber, teamID) VALUES (67, 'Madonna MacCaig', 'Forward', 2025, '342-715-6983', 48, 2);
INSERT INTO Players (playerID, name, position, gradYear, phoneNumber, jerseyNumber, teamID) VALUES (68, 'Candide Mathew', 'Midfielder', 2029, '308-552-7617', 62, 5);
INSERT INTO Players (playerID, name, position, gradYear, phoneNumber, jerseyNumber, teamID) VALUES (69, 'Seamus Rubrow', 'Forward', 2025, '551-702-9552', 77, 1);
INSERT INTO Players (playerID, name, position, gradYear, phoneNumber, jerseyNumber, teamID) VALUES (70, 'Jard Mustarde', 'Midfielder', 2029, '119-232-2225', 73, 3);
INSERT INTO Players (playerID, name, position, gradYear, phoneNumber, jerseyNumber, teamID) VALUES (71, 'Julianna Pherps', 'Forward', 2029, '832-463-7318', 9, 4);
INSERT INTO Players (playerID, name, position, gradYear, phoneNumber, jerseyNumber, teamID) VALUES (72, 'Bobina Crush', 'Defender', 2026, '619-182-0482', 24, 2);
INSERT INTO Players (playerID, name, position, gradYear, phoneNumber, jerseyNumber, teamID) VALUES (73, 'Karisa Bayley', 'Defender', 2029, '321-210-2324', 74, 1);
INSERT INTO Players (playerID, name, position, gradYear, phoneNumber, jerseyNumber, teamID) VALUES (74, 'Willa Gornall', 'Midfielder', 2029, '688-460-9196', 8, 4);
INSERT INTO Players (playerID, name, position, gradYear, phoneNumber, jerseyNumber, teamID) VALUES (75, 'Jacquelyn Verner', 'Forward', 2028, '610-583-0734', 66, 2);
INSERT INTO Players (playerID, name, position, gradYear, phoneNumber, jerseyNumber, teamID) VALUES (76, 'Rodrique Ellif', 'Goalkeeper', 2025, '714-417-0925', 15, 2);
INSERT INTO Players (playerID, name, position, gradYear, phoneNumber, jerseyNumber, teamID) VALUES (77, 'Delly Baraja', 'Goalkeeper', 2025, '342-195-5456', 65, 1);
INSERT INTO Players (playerID, name, position, gradYear, phoneNumber, jerseyNumber, teamID) VALUES (78, 'Viole Baack', 'Forward', 2027, '342-342-2879', 18, 3);
INSERT INTO Players (playerID, name, position, gradYear, phoneNumber, jerseyNumber, teamID) VALUES (79, 'Ode Benninck', 'Goalkeeper', 2029, '203-815-8676', 2, 4);
INSERT INTO Players (playerID, name, position, gradYear, phoneNumber, jerseyNumber, teamID) VALUES (80, 'Adolpho Fellow', 'Forward', 2025, '620-845-5521', 40, 1);
INSERT INTO Players (playerID, name, position, gradYear, phoneNumber, jerseyNumber, teamID) VALUES (81, 'Asher Fearnill', 'Forward', 2027, '605-508-2146', 71, 5);
INSERT INTO Players (playerID, name, position, gradYear, phoneNumber, jerseyNumber, teamID) VALUES (82, 'Maren Aberdein', 'Defender', 2025, '221-785-4639', 64, 5);
INSERT INTO Players (playerID, name, position, gradYear, phoneNumber, jerseyNumber, teamID) VALUES (83, 'Amy Colenutt', 'Defender', 2025, '698-924-4900', 77, 4);
INSERT INTO Players (playerID, name, position, gradYear, phoneNumber, jerseyNumber, teamID) VALUES (84, 'Filbert Mayger', 'Goalkeeper', 2026, '293-140-0693', 65, 2);
INSERT INTO Players (playerID, name, position, gradYear, phoneNumber, jerseyNumber, teamID) VALUES (85, 'Dona Girton', 'Forward', 2028, '176-741-1071', 82, 2);
INSERT INTO Players (playerID, name, position, gradYear, phoneNumber, jerseyNumber, teamID) VALUES (86, 'Lorraine Hallagan', 'Defender', 2025, '727-992-6353', 61, 6);
INSERT INTO Players (playerID, name, position, gradYear, phoneNumber, jerseyNumber, teamID) VALUES (87, 'Kaycee Siggens', 'Defender', 2028, '646-870-5553', 98, 1);
INSERT INTO Players (playerID, name, position, gradYear, phoneNumber, jerseyNumber, teamID) VALUES (88, 'Clerissa Burch', 'Forward', 2026, '139-529-0917', 4, 2);
INSERT INTO Players (playerID, name, position, gradYear, phoneNumber, jerseyNumber, teamID) VALUES (89, 'Donielle Geistbeck', 'Defender', 2028, '336-359-2830', 89, 1);
INSERT INTO Players (playerID, name, position, gradYear, phoneNumber, jerseyNumber, teamID) VALUES (90, 'Shelia Fazan', 'Goalkeeper', 2027, '733-105-8739', 53, 4);
INSERT INTO Players (playerID, name, position, gradYear, phoneNumber, jerseyNumber, teamID) VALUES (91, 'Janel Bollam', 'Forward', 2025, '937-383-6131', 24, 1);
INSERT INTO Players (playerID, name, position, gradYear, phoneNumber, jerseyNumber, teamID) VALUES (92, 'Lynn Kreutzer', 'Defender', 2028, '198-393-8786', 34, 4);
INSERT INTO Players (playerID, name, position, gradYear, phoneNumber, jerseyNumber, teamID) VALUES (93, 'Monah Prodrick', 'Goalkeeper', 2029, '638-723-9394', 28, 6);
INSERT INTO Players (playerID, name, position, gradYear, phoneNumber, jerseyNumber, teamID) VALUES (94, 'Kristine Vellender', 'Midfielder', 2026, '850-678-9507', 44, 3);
INSERT INTO Players (playerID, name, position, gradYear, phoneNumber, jerseyNumber, teamID) VALUES (95, 'Read Howells', 'Defender', 2027, '770-387-9983', 56, 1);
INSERT INTO Players (playerID, name, position, gradYear, phoneNumber, jerseyNumber, teamID) VALUES (96, 'Thomas Roberson', 'Midfielder', 2028, '532-592-4352', 15, 4);


-- INSERT statements for Comment table
-- Source: Comment.csv
-- Total records: 200

INSERT INTO Comment (commentID, text, dateTime, commenterID, targetID) VALUES (1, 'Proin risus. Praesent lectus. Vestibulum quam sapien, varius ut, blandit non, interdum in, ante. Vestibulum ante ipsum primis in faucibus orci luctus et ultrices posuere cubilia Curae; Duis faucibus accumsan odio. Curabitur convallis. Duis consequat dui nec nisi volutpat eleifend. Donec ut dolor. Morbi vel lectus in quam fringilla rhoncus.', '2025-10-01', 33, 10);
INSERT INTO Comment (commentID, text, dateTime, commenterID, targetID) VALUES (2, 'Quisque ut erat. Curabitur gravida nisi at nibh. In hac habitasse platea dictumst. Aliquam augue quam, sollicitudin vitae, consectetuer eget, rutrum at, lorem. Integer tincidunt ante vel ipsum.', '2025-07-27', 11, 42);
INSERT INTO Comment (commentID, text, dateTime, commenterID, targetID) VALUES (3, 'Integer ac leo. Pellentesque ultrices mattis odio. Donec vitae nisi. Nam ultrices, libero non mattis pulvinar, nulla pede ullamcorper augue, a suscipit nulla elit ac nulla. Sed vel enim sit amet nunc viverra dapibus. Nulla suscipit ligula in lacus. Curabitur at ipsum ac tellus semper interdum. Mauris ullamcorper purus sit amet nulla.', '2025-03-29', 25, 6);
INSERT INTO Comment (commentID, text, dateTime, commenterID, targetID) VALUES (4, 'Mauris lacinia sapien quis libero.', '2025-11-15', 1, 23);
INSERT INTO Comment (commentID, text, dateTime, commenterID, targetID) VALUES (5, 'Vivamus metus arcu, adipiscing molestie, hendrerit at, vulputate vitae, nisl.', '2025-01-29', 36, 32);
INSERT INTO Comment (commentID, text, dateTime, commenterID, targetID) VALUES (6, 'In eleifend quam a odio.', '2025-09-18', 21, 35);
INSERT INTO Comment (commentID, text, dateTime, commenterID, targetID) VALUES (7, 'Duis aliquam convallis nunc.', '2025-01-13', 30, 9);
INSERT INTO Comment (commentID, text, dateTime, commenterID, targetID) VALUES (8, 'Vestibulum ac est lacinia nisi venenatis tristique. Fusce congue, diam id ornare imperdiet, sapien urna pretium nisl, ut volutpat sapien arcu sed augue.', '2025-06-24', 16, 4);
INSERT INTO Comment (commentID, text, dateTime, commenterID, targetID) VALUES (9, 'In eleifend quam a odio. In hac habitasse platea dictumst. Maecenas ut massa quis augue luctus tincidunt. Nulla mollis molestie lorem. Quisque ut erat. Curabitur gravida nisi at nibh. In hac habitasse platea dictumst.', '2024-12-20', 9, 39);
INSERT INTO Comment (commentID, text, dateTime, commenterID, targetID) VALUES (10, 'Aenean lectus. Pellentesque eget nunc. Donec quis orci eget orci vehicula condimentum. Curabitur in libero ut massa volutpat convallis. Morbi odio odio, elementum eu, interdum eu, tincidunt in, leo. Maecenas pulvinar lobortis est. Phasellus sit amet erat. Nulla tempus.', '2025-08-25', 2, 32);
INSERT INTO Comment (commentID, text, dateTime, commenterID, targetID) VALUES (11, 'Aenean fermentum. Donec ut mauris eget massa tempor convallis. Nulla neque libero, convallis eget, eleifend luctus, ultricies eu, nibh. Quisque id justo sit amet sapien dignissim vestibulum.', '2025-07-11', 36, 20);
INSERT INTO Comment (commentID, text, dateTime, commenterID, targetID) VALUES (12, 'Donec ut mauris eget massa tempor convallis. Nulla neque libero, convallis eget, eleifend luctus, ultricies eu, nibh. Quisque id justo sit amet sapien dignissim vestibulum. Vestibulum ante ipsum primis in faucibus orci luctus et ultrices posuere cubilia Curae; Nulla dapibus dolor vel est. Donec odio justo, sollicitudin ut, suscipit a, feugiat et, eros.', '2025-03-01', 37, 33);
INSERT INTO Comment (commentID, text, dateTime, commenterID, targetID) VALUES (13, 'Aenean auctor gravida sem. Praesent id massa id nisl venenatis lacinia. Aenean sit amet justo.', '2025-01-18', 28, 6);
INSERT INTO Comment (commentID, text, dateTime, commenterID, targetID) VALUES (14, 'Curabitur in libero ut massa volutpat convallis. Morbi odio odio, elementum eu, interdum eu, tincidunt in, leo. Maecenas pulvinar lobortis est. Phasellus sit amet erat. Nulla tempus.', '2025-07-03', 14, 30);
INSERT INTO Comment (commentID, text, dateTime, commenterID, targetID) VALUES (15, 'In est risus, auctor sed, tristique in, tempus sit amet, sem.', '2025-03-08', 26, 5);
INSERT INTO Comment (commentID, text, dateTime, commenterID, targetID) VALUES (16, 'Curabitur in libero ut massa volutpat convallis. Morbi odio odio, elementum eu, interdum eu, tincidunt in, leo. Maecenas pulvinar lobortis est. Phasellus sit amet erat. Nulla tempus. Vivamus in felis eu sapien cursus vestibulum.', '2025-05-17', 35, 10);
INSERT INTO Comment (commentID, text, dateTime, commenterID, targetID) VALUES (17, 'Morbi sem mauris, laoreet ut, rhoncus aliquet, pulvinar sed, nisl. Nunc rhoncus dui vel sem. Sed sagittis.', '2025-07-12', 22, 32);
INSERT INTO Comment (commentID, text, dateTime, commenterID, targetID) VALUES (18, 'Maecenas leo odio, condimentum id, luctus nec, molestie sed, justo. Pellentesque viverra pede ac diam. Cras pellentesque volutpat dui. Maecenas tristique, est et tempus semper, est quam pharetra magna, ac consequat metus sapien ut nunc. Vestibulum ante ipsum primis in faucibus orci luctus et ultrices posuere cubilia Curae; Mauris viverra diam vitae quam. Suspendisse potenti. Nullam porttitor lacus at turpis. Donec posuere metus vitae ipsum. Aliquam non mauris. Morbi non lectus.', '2025-03-07', 19, 13);
INSERT INTO Comment (commentID, text, dateTime, commenterID, targetID) VALUES (19, 'Nam congue, risus semper porta volutpat, quam pede lobortis ligula, sit amet eleifend pede libero quis orci. Nullam molestie nibh in lectus. Pellentesque at nulla. Suspendisse potenti. Cras in purus eu magna vulputate luctus. Cum sociis natoque penatibus et magnis dis parturient montes, nascetur ridiculus mus. Vivamus vestibulum sagittis sapien. Cum sociis natoque penatibus et magnis dis parturient montes, nascetur ridiculus mus. Etiam vel augue. Vestibulum rutrum rutrum neque.', '2025-02-23', 15, 7);
INSERT INTO Comment (commentID, text, dateTime, commenterID, targetID) VALUES (20, 'Praesent blandit. Nam nulla. Integer pede justo, lacinia eget, tincidunt eget, tempus vel, pede. Morbi porttitor lorem id ligula. Suspendisse ornare consequat lectus. In est risus, auctor sed, tristique in, tempus sit amet, sem. Fusce consequat. Nulla nisl.', '2025-06-07', 6, 19);
INSERT INTO Comment (commentID, text, dateTime, commenterID, targetID) VALUES (21, 'Nullam varius. Nulla facilisi. Cras non velit nec nisi vulputate nonummy. Maecenas tincidunt lacus at velit.', '2024-12-20', 36, 43);
INSERT INTO Comment (commentID, text, dateTime, commenterID, targetID) VALUES (22, 'Phasellus id sapien in sapien iaculis congue. Vivamus metus arcu, adipiscing molestie, hendrerit at, vulputate vitae, nisl. Aenean lectus. Pellentesque eget nunc. Donec quis orci eget orci vehicula condimentum. Curabitur in libero ut massa volutpat convallis. Morbi odio odio, elementum eu, interdum eu, tincidunt in, leo.', '2025-08-03', 20, 6);
INSERT INTO Comment (commentID, text, dateTime, commenterID, targetID) VALUES (23, 'Proin eu mi. Nulla ac enim. In tempor, turpis nec euismod scelerisque, quam turpis adipiscing lorem, vitae mattis nibh ligula nec sem. Duis aliquam convallis nunc. Proin at turpis a pede posuere nonummy.', '2025-08-19', 10, 12);
INSERT INTO Comment (commentID, text, dateTime, commenterID, targetID) VALUES (24, 'Duis bibendum, felis sed interdum venenatis, turpis enim blandit mi, in porttitor pede justo eu massa. Donec dapibus. Duis at velit eu est congue elementum. In hac habitasse platea dictumst. Morbi vestibulum, velit id pretium iaculis, diam erat fermentum justo, nec condimentum neque sapien placerat ante. Nulla justo.', '2025-10-19', 12, 42);
INSERT INTO Comment (commentID, text, dateTime, commenterID, targetID) VALUES (25, 'Donec semper sapien a libero. Nam dui. Proin leo odio, porttitor id, consequat in, consequat ut, nulla. Sed accumsan felis. Ut at dolor quis odio consequat varius. Integer ac leo. Pellentesque ultrices mattis odio.', '2025-07-28', 6, 48);
INSERT INTO Comment (commentID, text, dateTime, commenterID, targetID) VALUES (26, 'Integer non velit. Donec diam neque, vestibulum eget, vulputate ut, ultrices vel, augue. Vestibulum ante ipsum primis in faucibus orci luctus et ultrices posuere cubilia Curae; Donec pharetra, magna vestibulum aliquet ultrices, erat tortor sollicitudin mi, sit amet lobortis sapien sapien non mi. Integer ac neque. Duis bibendum.', '2025-11-07', 22, 7);
INSERT INTO Comment (commentID, text, dateTime, commenterID, targetID) VALUES (27, 'Duis aliquam convallis nunc. Proin at turpis a pede posuere nonummy. Integer non velit.', '2025-05-20', 26, 6);
INSERT INTO Comment (commentID, text, dateTime, commenterID, targetID) VALUES (28, 'Donec ut dolor. Morbi vel lectus in quam fringilla rhoncus. Mauris enim leo, rhoncus sed, vestibulum sit amet, cursus id, turpis. Integer aliquet, massa id lobortis convallis, tortor risus dapibus augue, vel accumsan tellus nisi eu orci. Mauris lacinia sapien quis libero.', '2025-01-01', 24, 16);
INSERT INTO Comment (commentID, text, dateTime, commenterID, targetID) VALUES (29, 'Aenean auctor gravida sem. Praesent id massa id nisl venenatis lacinia. Aenean sit amet justo. Morbi ut odio. Cras mi pede, malesuada in, imperdiet et, commodo vulputate, justo. In blandit ultrices enim. Lorem ipsum dolor sit amet, consectetuer adipiscing elit. Proin interdum mauris non ligula pellentesque ultrices. Phasellus id sapien in sapien iaculis congue.', '2025-08-27', 30, 25);
INSERT INTO Comment (commentID, text, dateTime, commenterID, targetID) VALUES (30, 'In eleifend quam a odio. In hac habitasse platea dictumst. Maecenas ut massa quis augue luctus tincidunt. Nulla mollis molestie lorem. Quisque ut erat. Curabitur gravida nisi at nibh.', '2025-04-11', 18, 28);
INSERT INTO Comment (commentID, text, dateTime, commenterID, targetID) VALUES (31, 'Aenean auctor gravida sem. Praesent id massa id nisl venenatis lacinia. Aenean sit amet justo. Morbi ut odio. Cras mi pede, malesuada in, imperdiet et, commodo vulputate, justo. In blandit ultrices enim. Lorem ipsum dolor sit amet, consectetuer adipiscing elit. Proin interdum mauris non ligula pellentesque ultrices. Phasellus id sapien in sapien iaculis congue.', '2025-11-20', 2, 8);
INSERT INTO Comment (commentID, text, dateTime, commenterID, targetID) VALUES (32, 'In hac habitasse platea dictumst. Etiam faucibus cursus urna. Ut tellus. Nulla ut erat id mauris vulputate elementum.', '2025-03-19', 25, 19);
INSERT INTO Comment (commentID, text, dateTime, commenterID, targetID) VALUES (33, 'Vivamus metus arcu, adipiscing molestie, hendrerit at, vulputate vitae, nisl.', '2025-09-26', 24, 36);
INSERT INTO Comment (commentID, text, dateTime, commenterID, targetID) VALUES (34, 'In eleifend quam a odio. In hac habitasse platea dictumst. Maecenas ut massa quis augue luctus tincidunt. Nulla mollis molestie lorem. Quisque ut erat. Curabitur gravida nisi at nibh.', '2025-06-03', 33, 15);
INSERT INTO Comment (commentID, text, dateTime, commenterID, targetID) VALUES (35, 'Integer non velit. Donec diam neque, vestibulum eget, vulputate ut, ultrices vel, augue. Vestibulum ante ipsum primis in faucibus orci luctus et ultrices posuere cubilia Curae; Donec pharetra, magna vestibulum aliquet ultrices, erat tortor sollicitudin mi, sit amet lobortis sapien sapien non mi. Integer ac neque. Duis bibendum. Morbi non quam nec dui luctus rutrum.', '2025-03-29', 9, 32);
INSERT INTO Comment (commentID, text, dateTime, commenterID, targetID) VALUES (36, 'Phasellus sit amet erat. Nulla tempus. Vivamus in felis eu sapien cursus vestibulum. Proin eu mi. Nulla ac enim. In tempor, turpis nec euismod scelerisque, quam turpis adipiscing lorem, vitae mattis nibh ligula nec sem.', '2025-03-13', 19, 25);
INSERT INTO Comment (commentID, text, dateTime, commenterID, targetID) VALUES (37, 'Nam nulla. Integer pede justo, lacinia eget, tincidunt eget, tempus vel, pede. Morbi porttitor lorem id ligula. Suspendisse ornare consequat lectus. In est risus, auctor sed, tristique in, tempus sit amet, sem. Fusce consequat. Nulla nisl.', '2025-10-03', 37, 32);
INSERT INTO Comment (commentID, text, dateTime, commenterID, targetID) VALUES (38, 'Donec posuere metus vitae ipsum. Aliquam non mauris. Morbi non lectus. Aliquam sit amet diam in magna bibendum imperdiet. Nullam orci pede, venenatis non, sodales sed, tincidunt eu, felis. Fusce posuere felis sed lacus. Morbi sem mauris, laoreet ut, rhoncus aliquet, pulvinar sed, nisl.', '2025-09-24', 9, 36);
INSERT INTO Comment (commentID, text, dateTime, commenterID, targetID) VALUES (39, 'Nullam orci pede, venenatis non, sodales sed, tincidunt eu, felis. Fusce posuere felis sed lacus. Morbi sem mauris, laoreet ut, rhoncus aliquet, pulvinar sed, nisl. Nunc rhoncus dui vel sem. Sed sagittis. Nam congue, risus semper porta volutpat, quam pede lobortis ligula, sit amet eleifend pede libero quis orci. Nullam molestie nibh in lectus. Pellentesque at nulla. Suspendisse potenti.', '2024-12-31', 7, 27);
INSERT INTO Comment (commentID, text, dateTime, commenterID, targetID) VALUES (40, 'Morbi sem mauris, laoreet ut, rhoncus aliquet, pulvinar sed, nisl. Nunc rhoncus dui vel sem. Sed sagittis. Nam congue, risus semper porta volutpat, quam pede lobortis ligula, sit amet eleifend pede libero quis orci. Nullam molestie nibh in lectus. Pellentesque at nulla.', '2025-06-11', 4, 4);
INSERT INTO Comment (commentID, text, dateTime, commenterID, targetID) VALUES (41, 'Morbi a ipsum. Integer a nibh. In quis justo. Maecenas rhoncus aliquam lacus. Morbi quis tortor id nulla ultrices aliquet.', '2025-07-31', 39, 26);
INSERT INTO Comment (commentID, text, dateTime, commenterID, targetID) VALUES (42, 'Vivamus vestibulum sagittis sapien. Cum sociis natoque penatibus et magnis dis parturient montes, nascetur ridiculus mus. Etiam vel augue. Vestibulum rutrum rutrum neque. Aenean auctor gravida sem. Praesent id massa id nisl venenatis lacinia.', '2025-12-03', 29, 11);
INSERT INTO Comment (commentID, text, dateTime, commenterID, targetID) VALUES (43, 'Vivamus metus arcu, adipiscing molestie, hendrerit at, vulputate vitae, nisl. Aenean lectus.', '2025-02-16', 12, 20);
INSERT INTO Comment (commentID, text, dateTime, commenterID, targetID) VALUES (44, 'Duis at velit eu est congue elementum. In hac habitasse platea dictumst. Morbi vestibulum, velit id pretium iaculis, diam erat fermentum justo, nec condimentum neque sapien placerat ante. Nulla justo. Aliquam quis turpis eget elit sodales scelerisque. Mauris sit amet eros.', '2025-08-27', 35, 15);
INSERT INTO Comment (commentID, text, dateTime, commenterID, targetID) VALUES (45, 'Donec ut mauris eget massa tempor convallis. Nulla neque libero, convallis eget, eleifend luctus, ultricies eu, nibh. Quisque id justo sit amet sapien dignissim vestibulum. Vestibulum ante ipsum primis in faucibus orci luctus et ultrices posuere cubilia Curae; Nulla dapibus dolor vel est. Donec odio justo, sollicitudin ut, suscipit a, feugiat et, eros. Vestibulum ac est lacinia nisi venenatis tristique. Fusce congue, diam id ornare imperdiet, sapien urna pretium nisl, ut volutpat sapien arcu sed augue. Aliquam erat volutpat. In congue. Etiam justo.', '2025-11-19', 22, 46);
INSERT INTO Comment (commentID, text, dateTime, commenterID, targetID) VALUES (46, 'Morbi non quam nec dui luctus rutrum. Nulla tellus. In sagittis dui vel nisl. Duis ac nibh. Fusce lacus purus, aliquet at, feugiat non, pretium quis, lectus. Suspendisse potenti. In eleifend quam a odio. In hac habitasse platea dictumst. Maecenas ut massa quis augue luctus tincidunt.', '2025-06-11', 37, 23);
INSERT INTO Comment (commentID, text, dateTime, commenterID, targetID) VALUES (47, 'Quisque ut erat. Curabitur gravida nisi at nibh. In hac habitasse platea dictumst. Aliquam augue quam, sollicitudin vitae, consectetuer eget, rutrum at, lorem.', '2024-12-15', 3, 1);
INSERT INTO Comment (commentID, text, dateTime, commenterID, targetID) VALUES (48, 'Cum sociis natoque penatibus et magnis dis parturient montes, nascetur ridiculus mus. Vivamus vestibulum sagittis sapien. Cum sociis natoque penatibus et magnis dis parturient montes, nascetur ridiculus mus. Etiam vel augue. Vestibulum rutrum rutrum neque. Aenean auctor gravida sem. Praesent id massa id nisl venenatis lacinia. Aenean sit amet justo. Morbi ut odio. Cras mi pede, malesuada in, imperdiet et, commodo vulputate, justo.', '2025-10-05', 33, 3);
INSERT INTO Comment (commentID, text, dateTime, commenterID, targetID) VALUES (49, 'Vivamus vel nulla eget eros elementum pellentesque. Quisque porta volutpat erat. Quisque erat eros, viverra eget, congue eget, semper rutrum, nulla. Nunc purus. Phasellus in felis.', '2025-02-12', 14, 30);
INSERT INTO Comment (commentID, text, dateTime, commenterID, targetID) VALUES (50, 'Aenean lectus. Pellentesque eget nunc. Donec quis orci eget orci vehicula condimentum. Curabitur in libero ut massa volutpat convallis. Morbi odio odio, elementum eu, interdum eu, tincidunt in, leo. Maecenas pulvinar lobortis est. Phasellus sit amet erat. Nulla tempus. Vivamus in felis eu sapien cursus vestibulum.', '2025-02-27', 38, 20);
INSERT INTO Comment (commentID, text, dateTime, commenterID, targetID) VALUES (51, 'Integer ac neque. Duis bibendum. Morbi non quam nec dui luctus rutrum.', '2025-12-03', 1, 39);
INSERT INTO Comment (commentID, text, dateTime, commenterID, targetID) VALUES (52, 'Pellentesque ultrices mattis odio. Donec vitae nisi. Nam ultrices, libero non mattis pulvinar, nulla pede ullamcorper augue, a suscipit nulla elit ac nulla. Sed vel enim sit amet nunc viverra dapibus. Nulla suscipit ligula in lacus. Curabitur at ipsum ac tellus semper interdum. Mauris ullamcorper purus sit amet nulla. Quisque arcu libero, rutrum ac, lobortis vel, dapibus at, diam.', '2025-11-10', 33, 48);
INSERT INTO Comment (commentID, text, dateTime, commenterID, targetID) VALUES (53, 'Pellentesque eget nunc. Donec quis orci eget orci vehicula condimentum.', '2025-10-20', 27, 18);
INSERT INTO Comment (commentID, text, dateTime, commenterID, targetID) VALUES (54, 'Cras non velit nec nisi vulputate nonummy. Maecenas tincidunt lacus at velit. Vivamus vel nulla eget eros elementum pellentesque. Quisque porta volutpat erat. Quisque erat eros, viverra eget, congue eget, semper rutrum, nulla. Nunc purus. Phasellus in felis. Donec semper sapien a libero.', '2025-03-28', 6, 1);
INSERT INTO Comment (commentID, text, dateTime, commenterID, targetID) VALUES (55, 'Phasellus in felis. Donec semper sapien a libero. Nam dui.', '2025-01-20', 13, 12);
INSERT INTO Comment (commentID, text, dateTime, commenterID, targetID) VALUES (56, 'Cum sociis natoque penatibus et magnis dis parturient montes, nascetur ridiculus mus.', '2025-02-03', 32, 45);
INSERT INTO Comment (commentID, text, dateTime, commenterID, targetID) VALUES (57, 'Nulla mollis molestie lorem. Quisque ut erat. Curabitur gravida nisi at nibh. In hac habitasse platea dictumst.', '2025-02-02', 40, 23);
INSERT INTO Comment (commentID, text, dateTime, commenterID, targetID) VALUES (58, 'Proin interdum mauris non ligula pellentesque ultrices. Phasellus id sapien in sapien iaculis congue. Vivamus metus arcu, adipiscing molestie, hendrerit at, vulputate vitae, nisl. Aenean lectus. Pellentesque eget nunc. Donec quis orci eget orci vehicula condimentum. Curabitur in libero ut massa volutpat convallis.', '2025-08-20', 35, 18);
INSERT INTO Comment (commentID, text, dateTime, commenterID, targetID) VALUES (59, 'Proin at turpis a pede posuere nonummy. Integer non velit.', '2025-05-15', 6, 4);
INSERT INTO Comment (commentID, text, dateTime, commenterID, targetID) VALUES (60, 'Curabitur gravida nisi at nibh. In hac habitasse platea dictumst. Aliquam augue quam, sollicitudin vitae, consectetuer eget, rutrum at, lorem. Integer tincidunt ante vel ipsum. Praesent blandit lacinia erat. Vestibulum sed magna at nunc commodo placerat. Praesent blandit. Nam nulla. Integer pede justo, lacinia eget, tincidunt eget, tempus vel, pede.', '2025-08-15', 30, 39);
INSERT INTO Comment (commentID, text, dateTime, commenterID, targetID) VALUES (61, 'Vestibulum ante ipsum primis in faucibus orci luctus et ultrices posuere cubilia Curae; Duis faucibus accumsan odio. Curabitur convallis. Duis consequat dui nec nisi volutpat eleifend. Donec ut dolor. Morbi vel lectus in quam fringilla rhoncus. Mauris enim leo, rhoncus sed, vestibulum sit amet, cursus id, turpis. Integer aliquet, massa id lobortis convallis, tortor risus dapibus augue, vel accumsan tellus nisi eu orci.', '2025-04-10', 13, 24);
INSERT INTO Comment (commentID, text, dateTime, commenterID, targetID) VALUES (62, 'Lorem ipsum dolor sit amet, consectetuer adipiscing elit. Proin interdum mauris non ligula pellentesque ultrices. Phasellus id sapien in sapien iaculis congue. Vivamus metus arcu, adipiscing molestie, hendrerit at, vulputate vitae, nisl.', '2025-05-22', 6, 23);
INSERT INTO Comment (commentID, text, dateTime, commenterID, targetID) VALUES (63, 'Nullam orci pede, venenatis non, sodales sed, tincidunt eu, felis. Fusce posuere felis sed lacus. Morbi sem mauris, laoreet ut, rhoncus aliquet, pulvinar sed, nisl. Nunc rhoncus dui vel sem. Sed sagittis. Nam congue, risus semper porta volutpat, quam pede lobortis ligula, sit amet eleifend pede libero quis orci. Nullam molestie nibh in lectus. Pellentesque at nulla. Suspendisse potenti. Cras in purus eu magna vulputate luctus.', '2025-06-16', 36, 20);
INSERT INTO Comment (commentID, text, dateTime, commenterID, targetID) VALUES (64, 'Cras mi pede, malesuada in, imperdiet et, commodo vulputate, justo. In blandit ultrices enim. Lorem ipsum dolor sit amet, consectetuer adipiscing elit. Proin interdum mauris non ligula pellentesque ultrices. Phasellus id sapien in sapien iaculis congue.', '2025-09-30', 19, 37);
INSERT INTO Comment (commentID, text, dateTime, commenterID, targetID) VALUES (65, 'Donec posuere metus vitae ipsum. Aliquam non mauris. Morbi non lectus. Aliquam sit amet diam in magna bibendum imperdiet. Nullam orci pede, venenatis non, sodales sed, tincidunt eu, felis. Fusce posuere felis sed lacus.', '2025-10-03', 34, 34);
INSERT INTO Comment (commentID, text, dateTime, commenterID, targetID) VALUES (66, 'Etiam pretium iaculis justo. In hac habitasse platea dictumst. Etiam faucibus cursus urna. Ut tellus. Nulla ut erat id mauris vulputate elementum. Nullam varius. Nulla facilisi. Cras non velit nec nisi vulputate nonummy. Maecenas tincidunt lacus at velit.', '2025-03-06', 38, 44);
INSERT INTO Comment (commentID, text, dateTime, commenterID, targetID) VALUES (67, 'Ut at dolor quis odio consequat varius. Integer ac leo. Pellentesque ultrices mattis odio. Donec vitae nisi. Nam ultrices, libero non mattis pulvinar, nulla pede ullamcorper augue, a suscipit nulla elit ac nulla. Sed vel enim sit amet nunc viverra dapibus. Nulla suscipit ligula in lacus.', '2025-02-07', 3, 14);
INSERT INTO Comment (commentID, text, dateTime, commenterID, targetID) VALUES (68, 'Aliquam augue quam, sollicitudin vitae, consectetuer eget, rutrum at, lorem. Integer tincidunt ante vel ipsum. Praesent blandit lacinia erat. Vestibulum sed magna at nunc commodo placerat. Praesent blandit. Nam nulla. Integer pede justo, lacinia eget, tincidunt eget, tempus vel, pede. Morbi porttitor lorem id ligula.', '2025-01-08', 39, 30);
INSERT INTO Comment (commentID, text, dateTime, commenterID, targetID) VALUES (69, 'Fusce consequat. Nulla nisl. Nunc nisl. Duis bibendum, felis sed interdum venenatis, turpis enim blandit mi, in porttitor pede justo eu massa. Donec dapibus.', '2025-04-08', 36, 34);
INSERT INTO Comment (commentID, text, dateTime, commenterID, targetID) VALUES (70, 'In quis justo. Maecenas rhoncus aliquam lacus. Morbi quis tortor id nulla ultrices aliquet. Maecenas leo odio, condimentum id, luctus nec, molestie sed, justo. Pellentesque viverra pede ac diam. Cras pellentesque volutpat dui.', '2025-06-19', 29, 32);
INSERT INTO Comment (commentID, text, dateTime, commenterID, targetID) VALUES (71, 'In tempor, turpis nec euismod scelerisque, quam turpis adipiscing lorem, vitae mattis nibh ligula nec sem. Duis aliquam convallis nunc. Proin at turpis a pede posuere nonummy. Integer non velit.', '2025-08-22', 20, 27);
INSERT INTO Comment (commentID, text, dateTime, commenterID, targetID) VALUES (72, 'Nulla facilisi. Cras non velit nec nisi vulputate nonummy.', '2025-04-06', 8, 12);
INSERT INTO Comment (commentID, text, dateTime, commenterID, targetID) VALUES (73, 'Nullam porttitor lacus at turpis. Donec posuere metus vitae ipsum. Aliquam non mauris. Morbi non lectus. Aliquam sit amet diam in magna bibendum imperdiet.', '2025-07-31', 14, 43);
INSERT INTO Comment (commentID, text, dateTime, commenterID, targetID) VALUES (74, 'Morbi odio odio, elementum eu, interdum eu, tincidunt in, leo. Maecenas pulvinar lobortis est. Phasellus sit amet erat. Nulla tempus. Vivamus in felis eu sapien cursus vestibulum. Proin eu mi. Nulla ac enim.', '2025-10-05', 32, 17);
INSERT INTO Comment (commentID, text, dateTime, commenterID, targetID) VALUES (75, 'Maecenas tristique, est et tempus semper, est quam pharetra magna, ac consequat metus sapien ut nunc. Vestibulum ante ipsum primis in faucibus orci luctus et ultrices posuere cubilia Curae; Mauris viverra diam vitae quam.', '2025-08-25', 12, 31);
INSERT INTO Comment (commentID, text, dateTime, commenterID, targetID) VALUES (76, 'Nulla ac enim. In tempor, turpis nec euismod scelerisque, quam turpis adipiscing lorem, vitae mattis nibh ligula nec sem. Duis aliquam convallis nunc. Proin at turpis a pede posuere nonummy. Integer non velit. Donec diam neque, vestibulum eget, vulputate ut, ultrices vel, augue. Vestibulum ante ipsum primis in faucibus orci luctus et ultrices posuere cubilia Curae; Donec pharetra, magna vestibulum aliquet ultrices, erat tortor sollicitudin mi, sit amet lobortis sapien sapien non mi. Integer ac neque. Duis bibendum. Morbi non quam nec dui luctus rutrum.', '2025-08-23', 13, 37);
INSERT INTO Comment (commentID, text, dateTime, commenterID, targetID) VALUES (77, 'Morbi sem mauris, laoreet ut, rhoncus aliquet, pulvinar sed, nisl. Nunc rhoncus dui vel sem. Sed sagittis. Nam congue, risus semper porta volutpat, quam pede lobortis ligula, sit amet eleifend pede libero quis orci. Nullam molestie nibh in lectus. Pellentesque at nulla. Suspendisse potenti. Cras in purus eu magna vulputate luctus. Cum sociis natoque penatibus et magnis dis parturient montes, nascetur ridiculus mus. Vivamus vestibulum sagittis sapien.', '2025-05-27', 6, 34);
INSERT INTO Comment (commentID, text, dateTime, commenterID, targetID) VALUES (78, 'In est risus, auctor sed, tristique in, tempus sit amet, sem. Fusce consequat. Nulla nisl. Nunc nisl.', '2024-12-26', 37, 27);
INSERT INTO Comment (commentID, text, dateTime, commenterID, targetID) VALUES (79, 'Nam nulla.', '2025-04-15', 39, 14);
INSERT INTO Comment (commentID, text, dateTime, commenterID, targetID) VALUES (80, 'Cum sociis natoque penatibus et magnis dis parturient montes, nascetur ridiculus mus. Etiam vel augue. Vestibulum rutrum rutrum neque. Aenean auctor gravida sem.', '2025-09-28', 18, 44);
INSERT INTO Comment (commentID, text, dateTime, commenterID, targetID) VALUES (81, 'Maecenas tristique, est et tempus semper, est quam pharetra magna, ac consequat metus sapien ut nunc. Vestibulum ante ipsum primis in faucibus orci luctus et ultrices posuere cubilia Curae; Mauris viverra diam vitae quam. Suspendisse potenti. Nullam porttitor lacus at turpis. Donec posuere metus vitae ipsum. Aliquam non mauris.', '2025-08-26', 2, 34);
INSERT INTO Comment (commentID, text, dateTime, commenterID, targetID) VALUES (82, 'Integer tincidunt ante vel ipsum.', '2024-12-07', 31, 2);
INSERT INTO Comment (commentID, text, dateTime, commenterID, targetID) VALUES (83, 'Phasellus sit amet erat. Nulla tempus. Vivamus in felis eu sapien cursus vestibulum. Proin eu mi. Nulla ac enim. In tempor, turpis nec euismod scelerisque, quam turpis adipiscing lorem, vitae mattis nibh ligula nec sem. Duis aliquam convallis nunc.', '2025-08-09', 23, 18);
INSERT INTO Comment (commentID, text, dateTime, commenterID, targetID) VALUES (84, 'Aenean auctor gravida sem. Praesent id massa id nisl venenatis lacinia. Aenean sit amet justo. Morbi ut odio. Cras mi pede, malesuada in, imperdiet et, commodo vulputate, justo.', '2025-11-10', 24, 38);
INSERT INTO Comment (commentID, text, dateTime, commenterID, targetID) VALUES (85, 'Donec ut dolor. Morbi vel lectus in quam fringilla rhoncus. Mauris enim leo, rhoncus sed, vestibulum sit amet, cursus id, turpis. Integer aliquet, massa id lobortis convallis, tortor risus dapibus augue, vel accumsan tellus nisi eu orci. Mauris lacinia sapien quis libero. Nullam sit amet turpis elementum ligula vehicula consequat. Morbi a ipsum. Integer a nibh. In quis justo. Maecenas rhoncus aliquam lacus.', '2025-08-02', 40, 5);
INSERT INTO Comment (commentID, text, dateTime, commenterID, targetID) VALUES (86, 'Morbi a ipsum. Integer a nibh. In quis justo. Maecenas rhoncus aliquam lacus. Morbi quis tortor id nulla ultrices aliquet. Maecenas leo odio, condimentum id, luctus nec, molestie sed, justo. Pellentesque viverra pede ac diam. Cras pellentesque volutpat dui. Maecenas tristique, est et tempus semper, est quam pharetra magna, ac consequat metus sapien ut nunc. Vestibulum ante ipsum primis in faucibus orci luctus et ultrices posuere cubilia Curae; Mauris viverra diam vitae quam.', '2025-07-25', 21, 18);
INSERT INTO Comment (commentID, text, dateTime, commenterID, targetID) VALUES (87, 'Sed sagittis.', '2025-09-23', 18, 33);
INSERT INTO Comment (commentID, text, dateTime, commenterID, targetID) VALUES (88, 'Etiam faucibus cursus urna. Ut tellus. Nulla ut erat id mauris vulputate elementum. Nullam varius. Nulla facilisi. Cras non velit nec nisi vulputate nonummy. Maecenas tincidunt lacus at velit. Vivamus vel nulla eget eros elementum pellentesque. Quisque porta volutpat erat. Quisque erat eros, viverra eget, congue eget, semper rutrum, nulla.', '2025-04-16', 17, 48);
INSERT INTO Comment (commentID, text, dateTime, commenterID, targetID) VALUES (89, 'Integer ac leo. Pellentesque ultrices mattis odio. Donec vitae nisi. Nam ultrices, libero non mattis pulvinar, nulla pede ullamcorper augue, a suscipit nulla elit ac nulla. Sed vel enim sit amet nunc viverra dapibus. Nulla suscipit ligula in lacus. Curabitur at ipsum ac tellus semper interdum. Mauris ullamcorper purus sit amet nulla. Quisque arcu libero, rutrum ac, lobortis vel, dapibus at, diam. Nam tristique tortor eu pede.', '2025-10-10', 32, 15);
INSERT INTO Comment (commentID, text, dateTime, commenterID, targetID) VALUES (90, 'Ut tellus. Nulla ut erat id mauris vulputate elementum. Nullam varius. Nulla facilisi.', '2025-10-02', 8, 16);
INSERT INTO Comment (commentID, text, dateTime, commenterID, targetID) VALUES (91, 'Aliquam augue quam, sollicitudin vitae, consectetuer eget, rutrum at, lorem. Integer tincidunt ante vel ipsum.', '2025-02-05', 38, 13);
INSERT INTO Comment (commentID, text, dateTime, commenterID, targetID) VALUES (92, 'Sed accumsan felis. Ut at dolor quis odio consequat varius. Integer ac leo. Pellentesque ultrices mattis odio. Donec vitae nisi. Nam ultrices, libero non mattis pulvinar, nulla pede ullamcorper augue, a suscipit nulla elit ac nulla. Sed vel enim sit amet nunc viverra dapibus. Nulla suscipit ligula in lacus. Curabitur at ipsum ac tellus semper interdum. Mauris ullamcorper purus sit amet nulla.', '2025-02-11', 37, 3);
INSERT INTO Comment (commentID, text, dateTime, commenterID, targetID) VALUES (93, 'Quisque ut erat. Curabitur gravida nisi at nibh. In hac habitasse platea dictumst. Aliquam augue quam, sollicitudin vitae, consectetuer eget, rutrum at, lorem. Integer tincidunt ante vel ipsum. Praesent blandit lacinia erat. Vestibulum sed magna at nunc commodo placerat. Praesent blandit. Nam nulla.', '2025-05-26', 28, 20);
INSERT INTO Comment (commentID, text, dateTime, commenterID, targetID) VALUES (94, 'Proin at turpis a pede posuere nonummy. Integer non velit. Donec diam neque, vestibulum eget, vulputate ut, ultrices vel, augue. Vestibulum ante ipsum primis in faucibus orci luctus et ultrices posuere cubilia Curae; Donec pharetra, magna vestibulum aliquet ultrices, erat tortor sollicitudin mi, sit amet lobortis sapien sapien non mi. Integer ac neque. Duis bibendum. Morbi non quam nec dui luctus rutrum. Nulla tellus. In sagittis dui vel nisl. Duis ac nibh.', '2025-07-24', 35, 44);
INSERT INTO Comment (commentID, text, dateTime, commenterID, targetID) VALUES (95, 'Vivamus vestibulum sagittis sapien. Cum sociis natoque penatibus et magnis dis parturient montes, nascetur ridiculus mus. Etiam vel augue. Vestibulum rutrum rutrum neque. Aenean auctor gravida sem. Praesent id massa id nisl venenatis lacinia. Aenean sit amet justo.', '2024-12-14', 15, 9);
INSERT INTO Comment (commentID, text, dateTime, commenterID, targetID) VALUES (96, 'Suspendisse potenti. Cras in purus eu magna vulputate luctus. Cum sociis natoque penatibus et magnis dis parturient montes, nascetur ridiculus mus. Vivamus vestibulum sagittis sapien. Cum sociis natoque penatibus et magnis dis parturient montes, nascetur ridiculus mus. Etiam vel augue. Vestibulum rutrum rutrum neque. Aenean auctor gravida sem. Praesent id massa id nisl venenatis lacinia. Aenean sit amet justo.', '2025-05-29', 23, 45);
INSERT INTO Comment (commentID, text, dateTime, commenterID, targetID) VALUES (97, 'Suspendisse ornare consequat lectus.', '2025-04-23', 24, 31);
INSERT INTO Comment (commentID, text, dateTime, commenterID, targetID) VALUES (98, 'Nullam porttitor lacus at turpis. Donec posuere metus vitae ipsum. Aliquam non mauris. Morbi non lectus. Aliquam sit amet diam in magna bibendum imperdiet.', '2025-05-22', 38, 16);
INSERT INTO Comment (commentID, text, dateTime, commenterID, targetID) VALUES (99, 'Maecenas tristique, est et tempus semper, est quam pharetra magna, ac consequat metus sapien ut nunc. Vestibulum ante ipsum primis in faucibus orci luctus et ultrices posuere cubilia Curae; Mauris viverra diam vitae quam.', '2025-09-21', 3, 15);
INSERT INTO Comment (commentID, text, dateTime, commenterID, targetID) VALUES (100, 'Nulla suscipit ligula in lacus. Curabitur at ipsum ac tellus semper interdum.', '2025-09-23', 8, 22);
INSERT INTO Comment (commentID, text, dateTime, commenterID, targetID) VALUES (101, 'Etiam justo. Etiam pretium iaculis justo.', '2025-04-07', 1, 42);
INSERT INTO Comment (commentID, text, dateTime, commenterID, targetID) VALUES (102, 'Suspendisse potenti. Cras in purus eu magna vulputate luctus. Cum sociis natoque penatibus et magnis dis parturient montes, nascetur ridiculus mus. Vivamus vestibulum sagittis sapien. Cum sociis natoque penatibus et magnis dis parturient montes, nascetur ridiculus mus. Etiam vel augue. Vestibulum rutrum rutrum neque. Aenean auctor gravida sem. Praesent id massa id nisl venenatis lacinia. Aenean sit amet justo.', '2025-10-25', 30, 40);
INSERT INTO Comment (commentID, text, dateTime, commenterID, targetID) VALUES (103, 'Sed sagittis. Nam congue, risus semper porta volutpat, quam pede lobortis ligula, sit amet eleifend pede libero quis orci. Nullam molestie nibh in lectus. Pellentesque at nulla. Suspendisse potenti. Cras in purus eu magna vulputate luctus.', '2025-07-18', 38, 34);
INSERT INTO Comment (commentID, text, dateTime, commenterID, targetID) VALUES (104, 'Suspendisse ornare consequat lectus. In est risus, auctor sed, tristique in, tempus sit amet, sem. Fusce consequat. Nulla nisl. Nunc nisl. Duis bibendum, felis sed interdum venenatis, turpis enim blandit mi, in porttitor pede justo eu massa. Donec dapibus. Duis at velit eu est congue elementum. In hac habitasse platea dictumst. Morbi vestibulum, velit id pretium iaculis, diam erat fermentum justo, nec condimentum neque sapien placerat ante.', '2025-04-08', 27, 13);
INSERT INTO Comment (commentID, text, dateTime, commenterID, targetID) VALUES (105, 'Suspendisse potenti. In eleifend quam a odio. In hac habitasse platea dictumst. Maecenas ut massa quis augue luctus tincidunt. Nulla mollis molestie lorem. Quisque ut erat.', '2025-11-04', 30, 3);
INSERT INTO Comment (commentID, text, dateTime, commenterID, targetID) VALUES (106, 'Etiam vel augue. Vestibulum rutrum rutrum neque. Aenean auctor gravida sem. Praesent id massa id nisl venenatis lacinia. Aenean sit amet justo. Morbi ut odio. Cras mi pede, malesuada in, imperdiet et, commodo vulputate, justo. In blandit ultrices enim. Lorem ipsum dolor sit amet, consectetuer adipiscing elit.', '2025-08-26', 1, 6);
INSERT INTO Comment (commentID, text, dateTime, commenterID, targetID) VALUES (107, 'Aliquam quis turpis eget elit sodales scelerisque. Mauris sit amet eros. Suspendisse accumsan tortor quis turpis. Sed ante. Vivamus tortor. Duis mattis egestas metus. Aenean fermentum. Donec ut mauris eget massa tempor convallis. Nulla neque libero, convallis eget, eleifend luctus, ultricies eu, nibh.', '2025-08-30', 6, 16);
INSERT INTO Comment (commentID, text, dateTime, commenterID, targetID) VALUES (108, 'Morbi sem mauris, laoreet ut, rhoncus aliquet, pulvinar sed, nisl. Nunc rhoncus dui vel sem. Sed sagittis. Nam congue, risus semper porta volutpat, quam pede lobortis ligula, sit amet eleifend pede libero quis orci. Nullam molestie nibh in lectus. Pellentesque at nulla. Suspendisse potenti. Cras in purus eu magna vulputate luctus.', '2025-09-04', 7, 31);
INSERT INTO Comment (commentID, text, dateTime, commenterID, targetID) VALUES (109, 'Donec odio justo, sollicitudin ut, suscipit a, feugiat et, eros. Vestibulum ac est lacinia nisi venenatis tristique. Fusce congue, diam id ornare imperdiet, sapien urna pretium nisl, ut volutpat sapien arcu sed augue. Aliquam erat volutpat. In congue.', '2025-01-29', 11, 9);
INSERT INTO Comment (commentID, text, dateTime, commenterID, targetID) VALUES (110, 'Nunc purus.', '2025-07-13', 8, 33);
INSERT INTO Comment (commentID, text, dateTime, commenterID, targetID) VALUES (111, 'Fusce lacus purus, aliquet at, feugiat non, pretium quis, lectus. Suspendisse potenti. In eleifend quam a odio. In hac habitasse platea dictumst. Maecenas ut massa quis augue luctus tincidunt. Nulla mollis molestie lorem. Quisque ut erat. Curabitur gravida nisi at nibh. In hac habitasse platea dictumst. Aliquam augue quam, sollicitudin vitae, consectetuer eget, rutrum at, lorem.', '2025-08-26', 7, 18);
INSERT INTO Comment (commentID, text, dateTime, commenterID, targetID) VALUES (112, 'Proin interdum mauris non ligula pellentesque ultrices. Phasellus id sapien in sapien iaculis congue. Vivamus metus arcu, adipiscing molestie, hendrerit at, vulputate vitae, nisl. Aenean lectus. Pellentesque eget nunc.', '2025-09-22', 23, 14);
INSERT INTO Comment (commentID, text, dateTime, commenterID, targetID) VALUES (113, 'In hac habitasse platea dictumst. Aliquam augue quam, sollicitudin vitae, consectetuer eget, rutrum at, lorem. Integer tincidunt ante vel ipsum. Praesent blandit lacinia erat. Vestibulum sed magna at nunc commodo placerat. Praesent blandit. Nam nulla. Integer pede justo, lacinia eget, tincidunt eget, tempus vel, pede. Morbi porttitor lorem id ligula. Suspendisse ornare consequat lectus.', '2025-08-21', 9, 31);
INSERT INTO Comment (commentID, text, dateTime, commenterID, targetID) VALUES (114, 'Duis aliquam convallis nunc. Proin at turpis a pede posuere nonummy. Integer non velit. Donec diam neque, vestibulum eget, vulputate ut, ultrices vel, augue. Vestibulum ante ipsum primis in faucibus orci luctus et ultrices posuere cubilia Curae; Donec pharetra, magna vestibulum aliquet ultrices, erat tortor sollicitudin mi, sit amet lobortis sapien sapien non mi. Integer ac neque.', '2025-08-30', 30, 44);
INSERT INTO Comment (commentID, text, dateTime, commenterID, targetID) VALUES (115, 'Sed accumsan felis. Ut at dolor quis odio consequat varius. Integer ac leo. Pellentesque ultrices mattis odio. Donec vitae nisi. Nam ultrices, libero non mattis pulvinar, nulla pede ullamcorper augue, a suscipit nulla elit ac nulla. Sed vel enim sit amet nunc viverra dapibus. Nulla suscipit ligula in lacus.', '2025-06-15', 22, 43);
INSERT INTO Comment (commentID, text, dateTime, commenterID, targetID) VALUES (116, 'Morbi sem mauris, laoreet ut, rhoncus aliquet, pulvinar sed, nisl. Nunc rhoncus dui vel sem.', '2025-07-04', 26, 9);
INSERT INTO Comment (commentID, text, dateTime, commenterID, targetID) VALUES (117, 'Nunc purus. Phasellus in felis. Donec semper sapien a libero. Nam dui. Proin leo odio, porttitor id, consequat in, consequat ut, nulla. Sed accumsan felis. Ut at dolor quis odio consequat varius. Integer ac leo. Pellentesque ultrices mattis odio.', '2025-06-23', 17, 48);
INSERT INTO Comment (commentID, text, dateTime, commenterID, targetID) VALUES (118, 'Donec semper sapien a libero. Nam dui. Proin leo odio, porttitor id, consequat in, consequat ut, nulla. Sed accumsan felis. Ut at dolor quis odio consequat varius.', '2025-06-03', 15, 21);
INSERT INTO Comment (commentID, text, dateTime, commenterID, targetID) VALUES (119, 'Vivamus vel nulla eget eros elementum pellentesque. Quisque porta volutpat erat. Quisque erat eros, viverra eget, congue eget, semper rutrum, nulla.', '2025-11-26', 38, 42);
INSERT INTO Comment (commentID, text, dateTime, commenterID, targetID) VALUES (120, 'Aenean auctor gravida sem. Praesent id massa id nisl venenatis lacinia.', '2025-03-06', 28, 29);
INSERT INTO Comment (commentID, text, dateTime, commenterID, targetID) VALUES (121, 'Suspendisse accumsan tortor quis turpis. Sed ante. Vivamus tortor. Duis mattis egestas metus. Aenean fermentum. Donec ut mauris eget massa tempor convallis.', '2025-10-13', 20, 46);
INSERT INTO Comment (commentID, text, dateTime, commenterID, targetID) VALUES (122, 'Nullam molestie nibh in lectus. Pellentesque at nulla. Suspendisse potenti. Cras in purus eu magna vulputate luctus. Cum sociis natoque penatibus et magnis dis parturient montes, nascetur ridiculus mus. Vivamus vestibulum sagittis sapien. Cum sociis natoque penatibus et magnis dis parturient montes, nascetur ridiculus mus. Etiam vel augue.', '2025-03-11', 2, 28);
INSERT INTO Comment (commentID, text, dateTime, commenterID, targetID) VALUES (123, 'Praesent blandit. Nam nulla. Integer pede justo, lacinia eget, tincidunt eget, tempus vel, pede. Morbi porttitor lorem id ligula.', '2025-04-03', 40, 25);
INSERT INTO Comment (commentID, text, dateTime, commenterID, targetID) VALUES (124, 'Nulla nisl.', '2025-11-10', 6, 32);
INSERT INTO Comment (commentID, text, dateTime, commenterID, targetID) VALUES (125, 'Maecenas leo odio, condimentum id, luctus nec, molestie sed, justo.', '2025-02-10', 31, 18);
INSERT INTO Comment (commentID, text, dateTime, commenterID, targetID) VALUES (126, 'Duis bibendum. Morbi non quam nec dui luctus rutrum. Nulla tellus. In sagittis dui vel nisl.', '2025-04-15', 15, 19);
INSERT INTO Comment (commentID, text, dateTime, commenterID, targetID) VALUES (127, 'Praesent blandit. Nam nulla. Integer pede justo, lacinia eget, tincidunt eget, tempus vel, pede. Morbi porttitor lorem id ligula.', '2025-03-09', 23, 36);
INSERT INTO Comment (commentID, text, dateTime, commenterID, targetID) VALUES (128, 'Aliquam non mauris.', '2025-11-07', 29, 40);
INSERT INTO Comment (commentID, text, dateTime, commenterID, targetID) VALUES (129, 'Donec dapibus. Duis at velit eu est congue elementum. In hac habitasse platea dictumst. Morbi vestibulum, velit id pretium iaculis, diam erat fermentum justo, nec condimentum neque sapien placerat ante. Nulla justo.', '2025-04-27', 2, 16);
INSERT INTO Comment (commentID, text, dateTime, commenterID, targetID) VALUES (130, 'Donec posuere metus vitae ipsum. Aliquam non mauris.', '2025-09-14', 16, 27);
INSERT INTO Comment (commentID, text, dateTime, commenterID, targetID) VALUES (131, 'Phasellus in felis. Donec semper sapien a libero. Nam dui. Proin leo odio, porttitor id, consequat in, consequat ut, nulla. Sed accumsan felis. Ut at dolor quis odio consequat varius. Integer ac leo. Pellentesque ultrices mattis odio. Donec vitae nisi.', '2025-10-23', 8, 30);
INSERT INTO Comment (commentID, text, dateTime, commenterID, targetID) VALUES (132, 'Pellentesque viverra pede ac diam. Cras pellentesque volutpat dui. Maecenas tristique, est et tempus semper, est quam pharetra magna, ac consequat metus sapien ut nunc. Vestibulum ante ipsum primis in faucibus orci luctus et ultrices posuere cubilia Curae; Mauris viverra diam vitae quam. Suspendisse potenti. Nullam porttitor lacus at turpis.', '2025-10-17', 10, 35);
INSERT INTO Comment (commentID, text, dateTime, commenterID, targetID) VALUES (133, 'Proin interdum mauris non ligula pellentesque ultrices. Phasellus id sapien in sapien iaculis congue. Vivamus metus arcu, adipiscing molestie, hendrerit at, vulputate vitae, nisl. Aenean lectus. Pellentesque eget nunc. Donec quis orci eget orci vehicula condimentum. Curabitur in libero ut massa volutpat convallis. Morbi odio odio, elementum eu, interdum eu, tincidunt in, leo. Maecenas pulvinar lobortis est. Phasellus sit amet erat.', '2025-05-20', 32, 40);
INSERT INTO Comment (commentID, text, dateTime, commenterID, targetID) VALUES (134, 'Aliquam augue quam, sollicitudin vitae, consectetuer eget, rutrum at, lorem. Integer tincidunt ante vel ipsum. Praesent blandit lacinia erat. Vestibulum sed magna at nunc commodo placerat. Praesent blandit. Nam nulla.', '2025-03-03', 4, 20);
INSERT INTO Comment (commentID, text, dateTime, commenterID, targetID) VALUES (135, 'Morbi vestibulum, velit id pretium iaculis, diam erat fermentum justo, nec condimentum neque sapien placerat ante. Nulla justo. Aliquam quis turpis eget elit sodales scelerisque.', '2025-01-16', 12, 29);
INSERT INTO Comment (commentID, text, dateTime, commenterID, targetID) VALUES (136, 'In tempor, turpis nec euismod scelerisque, quam turpis adipiscing lorem, vitae mattis nibh ligula nec sem. Duis aliquam convallis nunc. Proin at turpis a pede posuere nonummy. Integer non velit. Donec diam neque, vestibulum eget, vulputate ut, ultrices vel, augue.', '2025-09-02', 27, 33);
INSERT INTO Comment (commentID, text, dateTime, commenterID, targetID) VALUES (137, 'Aenean lectus. Pellentesque eget nunc. Donec quis orci eget orci vehicula condimentum. Curabitur in libero ut massa volutpat convallis. Morbi odio odio, elementum eu, interdum eu, tincidunt in, leo. Maecenas pulvinar lobortis est. Phasellus sit amet erat.', '2025-07-06', 13, 41);
INSERT INTO Comment (commentID, text, dateTime, commenterID, targetID) VALUES (138, 'Morbi non lectus. Aliquam sit amet diam in magna bibendum imperdiet. Nullam orci pede, venenatis non, sodales sed, tincidunt eu, felis. Fusce posuere felis sed lacus. Morbi sem mauris, laoreet ut, rhoncus aliquet, pulvinar sed, nisl.', '2025-04-08', 1, 16);
INSERT INTO Comment (commentID, text, dateTime, commenterID, targetID) VALUES (139, 'Pellentesque viverra pede ac diam. Cras pellentesque volutpat dui. Maecenas tristique, est et tempus semper, est quam pharetra magna, ac consequat metus sapien ut nunc. Vestibulum ante ipsum primis in faucibus orci luctus et ultrices posuere cubilia Curae; Mauris viverra diam vitae quam. Suspendisse potenti. Nullam porttitor lacus at turpis.', '2025-11-23', 33, 8);
INSERT INTO Comment (commentID, text, dateTime, commenterID, targetID) VALUES (140, 'Nulla mollis molestie lorem. Quisque ut erat. Curabitur gravida nisi at nibh.', '2025-02-22', 8, 20);
INSERT INTO Comment (commentID, text, dateTime, commenterID, targetID) VALUES (141, 'Nam nulla. Integer pede justo, lacinia eget, tincidunt eget, tempus vel, pede. Morbi porttitor lorem id ligula.', '2025-03-06', 29, 2);
INSERT INTO Comment (commentID, text, dateTime, commenterID, targetID) VALUES (142, 'Sed ante. Vivamus tortor. Duis mattis egestas metus. Aenean fermentum. Donec ut mauris eget massa tempor convallis. Nulla neque libero, convallis eget, eleifend luctus, ultricies eu, nibh. Quisque id justo sit amet sapien dignissim vestibulum. Vestibulum ante ipsum primis in faucibus orci luctus et ultrices posuere cubilia Curae; Nulla dapibus dolor vel est.', '2025-09-04', 3, 13);
INSERT INTO Comment (commentID, text, dateTime, commenterID, targetID) VALUES (143, 'In congue. Etiam justo. Etiam pretium iaculis justo. In hac habitasse platea dictumst. Etiam faucibus cursus urna. Ut tellus. Nulla ut erat id mauris vulputate elementum. Nullam varius.', '2025-11-18', 25, 22);
INSERT INTO Comment (commentID, text, dateTime, commenterID, targetID) VALUES (144, 'Etiam pretium iaculis justo. In hac habitasse platea dictumst. Etiam faucibus cursus urna.', '2025-05-24', 26, 24);
INSERT INTO Comment (commentID, text, dateTime, commenterID, targetID) VALUES (145, 'Duis at velit eu est congue elementum. In hac habitasse platea dictumst. Morbi vestibulum, velit id pretium iaculis, diam erat fermentum justo, nec condimentum neque sapien placerat ante. Nulla justo. Aliquam quis turpis eget elit sodales scelerisque. Mauris sit amet eros. Suspendisse accumsan tortor quis turpis.', '2025-07-12', 5, 12);
INSERT INTO Comment (commentID, text, dateTime, commenterID, targetID) VALUES (146, 'Maecenas pulvinar lobortis est. Phasellus sit amet erat. Nulla tempus. Vivamus in felis eu sapien cursus vestibulum. Proin eu mi. Nulla ac enim.', '2025-07-19', 28, 17);
INSERT INTO Comment (commentID, text, dateTime, commenterID, targetID) VALUES (147, 'Cras non velit nec nisi vulputate nonummy. Maecenas tincidunt lacus at velit. Vivamus vel nulla eget eros elementum pellentesque. Quisque porta volutpat erat. Quisque erat eros, viverra eget, congue eget, semper rutrum, nulla. Nunc purus. Phasellus in felis. Donec semper sapien a libero. Nam dui.', '2025-10-14', 40, 40);
INSERT INTO Comment (commentID, text, dateTime, commenterID, targetID) VALUES (148, 'Nullam varius. Nulla facilisi. Cras non velit nec nisi vulputate nonummy. Maecenas tincidunt lacus at velit. Vivamus vel nulla eget eros elementum pellentesque. Quisque porta volutpat erat. Quisque erat eros, viverra eget, congue eget, semper rutrum, nulla. Nunc purus. Phasellus in felis. Donec semper sapien a libero.', '2024-12-16', 37, 43);
INSERT INTO Comment (commentID, text, dateTime, commenterID, targetID) VALUES (149, 'Aliquam erat volutpat.', '2025-04-01', 22, 34);
INSERT INTO Comment (commentID, text, dateTime, commenterID, targetID) VALUES (150, 'Nulla mollis molestie lorem. Quisque ut erat.', '2025-11-12', 32, 45);
INSERT INTO Comment (commentID, text, dateTime, commenterID, targetID) VALUES (151, 'Vestibulum ante ipsum primis in faucibus orci luctus et ultrices posuere cubilia Curae; Duis faucibus accumsan odio. Curabitur convallis. Duis consequat dui nec nisi volutpat eleifend. Donec ut dolor. Morbi vel lectus in quam fringilla rhoncus. Mauris enim leo, rhoncus sed, vestibulum sit amet, cursus id, turpis.', '2025-06-04', 9, 21);
INSERT INTO Comment (commentID, text, dateTime, commenterID, targetID) VALUES (152, 'Vestibulum rutrum rutrum neque. Aenean auctor gravida sem.', '2025-05-27', 26, 2);
INSERT INTO Comment (commentID, text, dateTime, commenterID, targetID) VALUES (153, 'Curabitur convallis. Duis consequat dui nec nisi volutpat eleifend. Donec ut dolor. Morbi vel lectus in quam fringilla rhoncus. Mauris enim leo, rhoncus sed, vestibulum sit amet, cursus id, turpis. Integer aliquet, massa id lobortis convallis, tortor risus dapibus augue, vel accumsan tellus nisi eu orci.', '2024-12-15', 12, 47);
INSERT INTO Comment (commentID, text, dateTime, commenterID, targetID) VALUES (154, 'In blandit ultrices enim. Lorem ipsum dolor sit amet, consectetuer adipiscing elit. Proin interdum mauris non ligula pellentesque ultrices. Phasellus id sapien in sapien iaculis congue. Vivamus metus arcu, adipiscing molestie, hendrerit at, vulputate vitae, nisl. Aenean lectus. Pellentesque eget nunc. Donec quis orci eget orci vehicula condimentum. Curabitur in libero ut massa volutpat convallis.', '2025-05-16', 1, 22);
INSERT INTO Comment (commentID, text, dateTime, commenterID, targetID) VALUES (155, 'Aenean auctor gravida sem. Praesent id massa id nisl venenatis lacinia. Aenean sit amet justo. Morbi ut odio. Cras mi pede, malesuada in, imperdiet et, commodo vulputate, justo. In blandit ultrices enim. Lorem ipsum dolor sit amet, consectetuer adipiscing elit. Proin interdum mauris non ligula pellentesque ultrices.', '2025-03-08', 36, 41);
INSERT INTO Comment (commentID, text, dateTime, commenterID, targetID) VALUES (156, 'Nunc rhoncus dui vel sem. Sed sagittis. Nam congue, risus semper porta volutpat, quam pede lobortis ligula, sit amet eleifend pede libero quis orci. Nullam molestie nibh in lectus.', '2025-11-11', 23, 26);
INSERT INTO Comment (commentID, text, dateTime, commenterID, targetID) VALUES (157, 'Nullam molestie nibh in lectus. Pellentesque at nulla. Suspendisse potenti. Cras in purus eu magna vulputate luctus. Cum sociis natoque penatibus et magnis dis parturient montes, nascetur ridiculus mus. Vivamus vestibulum sagittis sapien. Cum sociis natoque penatibus et magnis dis parturient montes, nascetur ridiculus mus. Etiam vel augue.', '2025-03-23', 16, 14);
INSERT INTO Comment (commentID, text, dateTime, commenterID, targetID) VALUES (158, 'Nullam orci pede, venenatis non, sodales sed, tincidunt eu, felis. Fusce posuere felis sed lacus. Morbi sem mauris, laoreet ut, rhoncus aliquet, pulvinar sed, nisl. Nunc rhoncus dui vel sem.', '2025-01-07', 32, 32);
INSERT INTO Comment (commentID, text, dateTime, commenterID, targetID) VALUES (159, 'Duis bibendum.', '2025-04-02', 31, 1);
INSERT INTO Comment (commentID, text, dateTime, commenterID, targetID) VALUES (160, 'Lorem ipsum dolor sit amet, consectetuer adipiscing elit. Proin risus. Praesent lectus. Vestibulum quam sapien, varius ut, blandit non, interdum in, ante. Vestibulum ante ipsum primis in faucibus orci luctus et ultrices posuere cubilia Curae; Duis faucibus accumsan odio. Curabitur convallis. Duis consequat dui nec nisi volutpat eleifend. Donec ut dolor. Morbi vel lectus in quam fringilla rhoncus.', '2025-05-06', 23, 41);
INSERT INTO Comment (commentID, text, dateTime, commenterID, targetID) VALUES (161, 'Vivamus in felis eu sapien cursus vestibulum.', '2025-03-21', 34, 9);
INSERT INTO Comment (commentID, text, dateTime, commenterID, targetID) VALUES (162, 'Maecenas leo odio, condimentum id, luctus nec, molestie sed, justo. Pellentesque viverra pede ac diam. Cras pellentesque volutpat dui. Maecenas tristique, est et tempus semper, est quam pharetra magna, ac consequat metus sapien ut nunc. Vestibulum ante ipsum primis in faucibus orci luctus et ultrices posuere cubilia Curae; Mauris viverra diam vitae quam. Suspendisse potenti. Nullam porttitor lacus at turpis. Donec posuere metus vitae ipsum. Aliquam non mauris. Morbi non lectus.', '2025-11-21', 36, 11);
INSERT INTO Comment (commentID, text, dateTime, commenterID, targetID) VALUES (163, 'Aliquam quis turpis eget elit sodales scelerisque. Mauris sit amet eros. Suspendisse accumsan tortor quis turpis. Sed ante. Vivamus tortor. Duis mattis egestas metus. Aenean fermentum. Donec ut mauris eget massa tempor convallis. Nulla neque libero, convallis eget, eleifend luctus, ultricies eu, nibh. Quisque id justo sit amet sapien dignissim vestibulum.', '2025-03-30', 6, 2);
INSERT INTO Comment (commentID, text, dateTime, commenterID, targetID) VALUES (164, 'Nulla nisl. Nunc nisl. Duis bibendum, felis sed interdum venenatis, turpis enim blandit mi, in porttitor pede justo eu massa. Donec dapibus. Duis at velit eu est congue elementum. In hac habitasse platea dictumst.', '2025-09-27', 35, 24);
INSERT INTO Comment (commentID, text, dateTime, commenterID, targetID) VALUES (165, 'Proin leo odio, porttitor id, consequat in, consequat ut, nulla. Sed accumsan felis. Ut at dolor quis odio consequat varius. Integer ac leo. Pellentesque ultrices mattis odio.', '2025-08-01', 17, 10);
INSERT INTO Comment (commentID, text, dateTime, commenterID, targetID) VALUES (166, 'Mauris lacinia sapien quis libero. Nullam sit amet turpis elementum ligula vehicula consequat. Morbi a ipsum. Integer a nibh. In quis justo. Maecenas rhoncus aliquam lacus. Morbi quis tortor id nulla ultrices aliquet.', '2025-06-01', 25, 14);
INSERT INTO Comment (commentID, text, dateTime, commenterID, targetID) VALUES (167, 'Vestibulum ante ipsum primis in faucibus orci luctus et ultrices posuere cubilia Curae; Mauris viverra diam vitae quam. Suspendisse potenti. Nullam porttitor lacus at turpis. Donec posuere metus vitae ipsum. Aliquam non mauris. Morbi non lectus. Aliquam sit amet diam in magna bibendum imperdiet. Nullam orci pede, venenatis non, sodales sed, tincidunt eu, felis. Fusce posuere felis sed lacus. Morbi sem mauris, laoreet ut, rhoncus aliquet, pulvinar sed, nisl.', '2025-05-20', 3, 16);
INSERT INTO Comment (commentID, text, dateTime, commenterID, targetID) VALUES (168, 'Nulla nisl. Nunc nisl. Duis bibendum, felis sed interdum venenatis, turpis enim blandit mi, in porttitor pede justo eu massa. Donec dapibus. Duis at velit eu est congue elementum. In hac habitasse platea dictumst. Morbi vestibulum, velit id pretium iaculis, diam erat fermentum justo, nec condimentum neque sapien placerat ante. Nulla justo. Aliquam quis turpis eget elit sodales scelerisque. Mauris sit amet eros.', '2025-02-09', 38, 34);
INSERT INTO Comment (commentID, text, dateTime, commenterID, targetID) VALUES (169, 'Pellentesque eget nunc. Donec quis orci eget orci vehicula condimentum. Curabitur in libero ut massa volutpat convallis. Morbi odio odio, elementum eu, interdum eu, tincidunt in, leo. Maecenas pulvinar lobortis est. Phasellus sit amet erat. Nulla tempus. Vivamus in felis eu sapien cursus vestibulum.', '2025-07-07', 8, 37);
INSERT INTO Comment (commentID, text, dateTime, commenterID, targetID) VALUES (170, 'Aliquam sit amet diam in magna bibendum imperdiet. Nullam orci pede, venenatis non, sodales sed, tincidunt eu, felis. Fusce posuere felis sed lacus. Morbi sem mauris, laoreet ut, rhoncus aliquet, pulvinar sed, nisl. Nunc rhoncus dui vel sem. Sed sagittis. Nam congue, risus semper porta volutpat, quam pede lobortis ligula, sit amet eleifend pede libero quis orci. Nullam molestie nibh in lectus. Pellentesque at nulla. Suspendisse potenti.', '2025-03-05', 25, 21);
INSERT INTO Comment (commentID, text, dateTime, commenterID, targetID) VALUES (171, 'Integer aliquet, massa id lobortis convallis, tortor risus dapibus augue, vel accumsan tellus nisi eu orci. Mauris lacinia sapien quis libero. Nullam sit amet turpis elementum ligula vehicula consequat. Morbi a ipsum. Integer a nibh. In quis justo. Maecenas rhoncus aliquam lacus.', '2024-12-12', 21, 14);
INSERT INTO Comment (commentID, text, dateTime, commenterID, targetID) VALUES (172, 'Morbi sem mauris, laoreet ut, rhoncus aliquet, pulvinar sed, nisl. Nunc rhoncus dui vel sem. Sed sagittis. Nam congue, risus semper porta volutpat, quam pede lobortis ligula, sit amet eleifend pede libero quis orci. Nullam molestie nibh in lectus. Pellentesque at nulla. Suspendisse potenti. Cras in purus eu magna vulputate luctus. Cum sociis natoque penatibus et magnis dis parturient montes, nascetur ridiculus mus. Vivamus vestibulum sagittis sapien.', '2025-11-23', 17, 38);
INSERT INTO Comment (commentID, text, dateTime, commenterID, targetID) VALUES (173, 'In hac habitasse platea dictumst. Aliquam augue quam, sollicitudin vitae, consectetuer eget, rutrum at, lorem. Integer tincidunt ante vel ipsum. Praesent blandit lacinia erat. Vestibulum sed magna at nunc commodo placerat. Praesent blandit. Nam nulla.', '2025-04-08', 39, 12);
INSERT INTO Comment (commentID, text, dateTime, commenterID, targetID) VALUES (174, 'Curabitur gravida nisi at nibh. In hac habitasse platea dictumst. Aliquam augue quam, sollicitudin vitae, consectetuer eget, rutrum at, lorem. Integer tincidunt ante vel ipsum.', '2025-11-06', 36, 1);
INSERT INTO Comment (commentID, text, dateTime, commenterID, targetID) VALUES (175, 'Sed ante. Vivamus tortor. Duis mattis egestas metus. Aenean fermentum. Donec ut mauris eget massa tempor convallis. Nulla neque libero, convallis eget, eleifend luctus, ultricies eu, nibh. Quisque id justo sit amet sapien dignissim vestibulum. Vestibulum ante ipsum primis in faucibus orci luctus et ultrices posuere cubilia Curae; Nulla dapibus dolor vel est. Donec odio justo, sollicitudin ut, suscipit a, feugiat et, eros. Vestibulum ac est lacinia nisi venenatis tristique.', '2025-06-13', 7, 46);
INSERT INTO Comment (commentID, text, dateTime, commenterID, targetID) VALUES (176, 'Quisque erat eros, viverra eget, congue eget, semper rutrum, nulla. Nunc purus. Phasellus in felis. Donec semper sapien a libero. Nam dui. Proin leo odio, porttitor id, consequat in, consequat ut, nulla. Sed accumsan felis.', '2025-06-14', 23, 40);
INSERT INTO Comment (commentID, text, dateTime, commenterID, targetID) VALUES (177, 'Etiam vel augue. Vestibulum rutrum rutrum neque. Aenean auctor gravida sem. Praesent id massa id nisl venenatis lacinia. Aenean sit amet justo. Morbi ut odio. Cras mi pede, malesuada in, imperdiet et, commodo vulputate, justo. In blandit ultrices enim. Lorem ipsum dolor sit amet, consectetuer adipiscing elit. Proin interdum mauris non ligula pellentesque ultrices.', '2025-08-06', 19, 25);
INSERT INTO Comment (commentID, text, dateTime, commenterID, targetID) VALUES (178, 'Aliquam sit amet diam in magna bibendum imperdiet. Nullam orci pede, venenatis non, sodales sed, tincidunt eu, felis. Fusce posuere felis sed lacus. Morbi sem mauris, laoreet ut, rhoncus aliquet, pulvinar sed, nisl. Nunc rhoncus dui vel sem. Sed sagittis. Nam congue, risus semper porta volutpat, quam pede lobortis ligula, sit amet eleifend pede libero quis orci. Nullam molestie nibh in lectus. Pellentesque at nulla.', '2025-06-21', 27, 15);
INSERT INTO Comment (commentID, text, dateTime, commenterID, targetID) VALUES (179, 'Fusce lacus purus, aliquet at, feugiat non, pretium quis, lectus. Suspendisse potenti. In eleifend quam a odio. In hac habitasse platea dictumst.', '2025-06-19', 17, 13);
INSERT INTO Comment (commentID, text, dateTime, commenterID, targetID) VALUES (180, 'Pellentesque eget nunc. Donec quis orci eget orci vehicula condimentum. Curabitur in libero ut massa volutpat convallis. Morbi odio odio, elementum eu, interdum eu, tincidunt in, leo. Maecenas pulvinar lobortis est. Phasellus sit amet erat. Nulla tempus. Vivamus in felis eu sapien cursus vestibulum. Proin eu mi.', '2025-01-23', 39, 32);
INSERT INTO Comment (commentID, text, dateTime, commenterID, targetID) VALUES (181, 'Morbi ut odio. Cras mi pede, malesuada in, imperdiet et, commodo vulputate, justo. In blandit ultrices enim. Lorem ipsum dolor sit amet, consectetuer adipiscing elit. Proin interdum mauris non ligula pellentesque ultrices. Phasellus id sapien in sapien iaculis congue. Vivamus metus arcu, adipiscing molestie, hendrerit at, vulputate vitae, nisl. Aenean lectus. Pellentesque eget nunc. Donec quis orci eget orci vehicula condimentum.', '2025-04-03', 4, 44);
INSERT INTO Comment (commentID, text, dateTime, commenterID, targetID) VALUES (182, 'Praesent id massa id nisl venenatis lacinia. Aenean sit amet justo. Morbi ut odio. Cras mi pede, malesuada in, imperdiet et, commodo vulputate, justo. In blandit ultrices enim. Lorem ipsum dolor sit amet, consectetuer adipiscing elit. Proin interdum mauris non ligula pellentesque ultrices.', '2025-02-03', 6, 10);
INSERT INTO Comment (commentID, text, dateTime, commenterID, targetID) VALUES (183, 'Vestibulum quam sapien, varius ut, blandit non, interdum in, ante. Vestibulum ante ipsum primis in faucibus orci luctus et ultrices posuere cubilia Curae; Duis faucibus accumsan odio. Curabitur convallis. Duis consequat dui nec nisi volutpat eleifend.', '2025-08-06', 40, 46);
INSERT INTO Comment (commentID, text, dateTime, commenterID, targetID) VALUES (184, 'Aliquam augue quam, sollicitudin vitae, consectetuer eget, rutrum at, lorem. Integer tincidunt ante vel ipsum. Praesent blandit lacinia erat. Vestibulum sed magna at nunc commodo placerat. Praesent blandit. Nam nulla. Integer pede justo, lacinia eget, tincidunt eget, tempus vel, pede. Morbi porttitor lorem id ligula. Suspendisse ornare consequat lectus.', '2025-03-15', 31, 19);
INSERT INTO Comment (commentID, text, dateTime, commenterID, targetID) VALUES (185, 'Mauris lacinia sapien quis libero. Nullam sit amet turpis elementum ligula vehicula consequat. Morbi a ipsum. Integer a nibh. In quis justo. Maecenas rhoncus aliquam lacus. Morbi quis tortor id nulla ultrices aliquet. Maecenas leo odio, condimentum id, luctus nec, molestie sed, justo. Pellentesque viverra pede ac diam. Cras pellentesque volutpat dui.', '2025-04-09', 11, 43);
INSERT INTO Comment (commentID, text, dateTime, commenterID, targetID) VALUES (186, 'Duis at velit eu est congue elementum. In hac habitasse platea dictumst. Morbi vestibulum, velit id pretium iaculis, diam erat fermentum justo, nec condimentum neque sapien placerat ante. Nulla justo. Aliquam quis turpis eget elit sodales scelerisque. Mauris sit amet eros. Suspendisse accumsan tortor quis turpis. Sed ante.', '2025-04-11', 20, 8);
INSERT INTO Comment (commentID, text, dateTime, commenterID, targetID) VALUES (187, 'Morbi quis tortor id nulla ultrices aliquet. Maecenas leo odio, condimentum id, luctus nec, molestie sed, justo. Pellentesque viverra pede ac diam. Cras pellentesque volutpat dui. Maecenas tristique, est et tempus semper, est quam pharetra magna, ac consequat metus sapien ut nunc. Vestibulum ante ipsum primis in faucibus orci luctus et ultrices posuere cubilia Curae; Mauris viverra diam vitae quam. Suspendisse potenti.', '2025-07-07', 10, 39);
INSERT INTO Comment (commentID, text, dateTime, commenterID, targetID) VALUES (188, 'Integer tincidunt ante vel ipsum. Praesent blandit lacinia erat. Vestibulum sed magna at nunc commodo placerat. Praesent blandit.', '2025-04-18', 21, 35);
INSERT INTO Comment (commentID, text, dateTime, commenterID, targetID) VALUES (189, 'Vestibulum quam sapien, varius ut, blandit non, interdum in, ante.', '2025-02-03', 28, 3);
INSERT INTO Comment (commentID, text, dateTime, commenterID, targetID) VALUES (190, 'Pellentesque at nulla. Suspendisse potenti. Cras in purus eu magna vulputate luctus. Cum sociis natoque penatibus et magnis dis parturient montes, nascetur ridiculus mus. Vivamus vestibulum sagittis sapien. Cum sociis natoque penatibus et magnis dis parturient montes, nascetur ridiculus mus. Etiam vel augue. Vestibulum rutrum rutrum neque.', '2025-07-18', 3, 16);
INSERT INTO Comment (commentID, text, dateTime, commenterID, targetID) VALUES (191, 'Proin at turpis a pede posuere nonummy. Integer non velit. Donec diam neque, vestibulum eget, vulputate ut, ultrices vel, augue.', '2025-08-31', 19, 28);
INSERT INTO Comment (commentID, text, dateTime, commenterID, targetID) VALUES (192, 'Integer a nibh. In quis justo. Maecenas rhoncus aliquam lacus. Morbi quis tortor id nulla ultrices aliquet. Maecenas leo odio, condimentum id, luctus nec, molestie sed, justo. Pellentesque viverra pede ac diam. Cras pellentesque volutpat dui.', '2025-06-16', 33, 10);
INSERT INTO Comment (commentID, text, dateTime, commenterID, targetID) VALUES (193, 'Lorem ipsum dolor sit amet, consectetuer adipiscing elit. Proin risus. Praesent lectus. Vestibulum quam sapien, varius ut, blandit non, interdum in, ante.', '2025-07-01', 34, 11);
INSERT INTO Comment (commentID, text, dateTime, commenterID, targetID) VALUES (194, 'Pellentesque eget nunc. Donec quis orci eget orci vehicula condimentum.', '2025-02-08', 15, 18);
INSERT INTO Comment (commentID, text, dateTime, commenterID, targetID) VALUES (195, 'Nulla suscipit ligula in lacus. Curabitur at ipsum ac tellus semper interdum. Mauris ullamcorper purus sit amet nulla. Quisque arcu libero, rutrum ac, lobortis vel, dapibus at, diam. Nam tristique tortor eu pede.', '2025-01-04', 23, 46);
INSERT INTO Comment (commentID, text, dateTime, commenterID, targetID) VALUES (196, 'Suspendisse accumsan tortor quis turpis. Sed ante. Vivamus tortor. Duis mattis egestas metus. Aenean fermentum. Donec ut mauris eget massa tempor convallis. Nulla neque libero, convallis eget, eleifend luctus, ultricies eu, nibh. Quisque id justo sit amet sapien dignissim vestibulum. Vestibulum ante ipsum primis in faucibus orci luctus et ultrices posuere cubilia Curae; Nulla dapibus dolor vel est. Donec odio justo, sollicitudin ut, suscipit a, feugiat et, eros.', '2024-12-07', 30, 20);
INSERT INTO Comment (commentID, text, dateTime, commenterID, targetID) VALUES (197, 'Fusce consequat. Nulla nisl. Nunc nisl. Duis bibendum, felis sed interdum venenatis, turpis enim blandit mi, in porttitor pede justo eu massa. Donec dapibus. Duis at velit eu est congue elementum. In hac habitasse platea dictumst. Morbi vestibulum, velit id pretium iaculis, diam erat fermentum justo, nec condimentum neque sapien placerat ante. Nulla justo.', '2025-11-27', 6, 29);
INSERT INTO Comment (commentID, text, dateTime, commenterID, targetID) VALUES (198, 'Maecenas ut massa quis augue luctus tincidunt. Nulla mollis molestie lorem. Quisque ut erat. Curabitur gravida nisi at nibh. In hac habitasse platea dictumst.', '2025-10-02', 25, 30);
INSERT INTO Comment (commentID, text, dateTime, commenterID, targetID) VALUES (199, 'Pellentesque eget nunc. Donec quis orci eget orci vehicula condimentum. Curabitur in libero ut massa volutpat convallis. Morbi odio odio, elementum eu, interdum eu, tincidunt in, leo. Maecenas pulvinar lobortis est. Phasellus sit amet erat. Nulla tempus. Vivamus in felis eu sapien cursus vestibulum. Proin eu mi.', '2025-07-31', 4, 12);
INSERT INTO Comment (commentID, text, dateTime, commenterID, targetID) VALUES (200, 'In est risus, auctor sed, tristique in, tempus sit amet, sem. Fusce consequat. Nulla nisl. Nunc nisl. Duis bibendum, felis sed interdum venenatis, turpis enim blandit mi, in porttitor pede justo eu massa. Donec dapibus. Duis at velit eu est congue elementum. In hac habitasse platea dictumst. Morbi vestibulum, velit id pretium iaculis, diam erat fermentum justo, nec condimentum neque sapien placerat ante. Nulla justo.', '2025-07-20', 13, 6);

-- INSERT statements for Event table
-- Source: Event.csv
-- Total records: 40
INSERT INTO Event (eventID, title, location, dateTime, teamID) VALUES (1, 'Practice', 'Qingzhou', '2025-11-17', 6);
INSERT INTO Event (eventID, title, location, dateTime, teamID) VALUES (2, 'Practice', 'Moyuan', '2025-11-26', 5);
INSERT INTO Event (eventID, title, location, dateTime, teamID) VALUES (3, 'Game vs Riverside College', 'Moses', '2024-12-25', 6);
INSERT INTO Event (eventID, title, location, dateTime, teamID) VALUES (4, 'Practice', 'Ust-Koksa', '2025-05-24', 6);
INSERT INTO Event (eventID, title, location, dateTime, teamID) VALUES (5, 'Practice', 'Beigucheng', '2025-10-29', 2);
INSERT INTO Event (eventID, title, location, dateTime, teamID) VALUES (6, 'Practice', 'Mikhaylovskoye', '2024-12-07', 2);
INSERT INTO Event (eventID, title, location, dateTime, teamID) VALUES (7, 'Practice', 'Tiegai', '2025-04-10', 1);
INSERT INTO Event (eventID, title, location, dateTime, teamID) VALUES (8, 'Game vs North Shore University', 'Zgornje Jezersko', '2025-04-09', 4);
INSERT INTO Event (eventID, title, location, dateTime, teamID) VALUES (9, 'Practice', 'Hanfeng', '2025-10-01', 6);
INSERT INTO Event (eventID, title, location, dateTime, teamID) VALUES (10, 'Practice', 'Hrazdan', '2025-10-06', 6);
INSERT INTO Event (eventID, title, location, dateTime, teamID) VALUES (11, 'Practice', 'Hongwei', '2025-01-29', 6);
INSERT INTO Event (eventID, title, location, dateTime, teamID) VALUES (12, 'Practice', 'Pata', '2025-04-07', 3);
INSERT INTO Event (eventID, title, location, dateTime, teamID) VALUES (13, 'Practice', 'Sheksna', '2025-10-31', 1);
INSERT INTO Event (eventID, title, location, dateTime, teamID) VALUES (14, 'Practice', 'Muaralabuh', '2025-12-02', 2);
INSERT INTO Event (eventID, title, location, dateTime, teamID) VALUES (15, 'Game vs Highland Tech', 'Longquan', '2025-03-05', 5);
INSERT INTO Event (eventID, title, location, dateTime, teamID) VALUES (16, 'Practice', 'Luzern', '2025-08-10', 6);
INSERT INTO Event (eventID, title, location, dateTime, teamID) VALUES (17, 'Practice', 'Archngelos', '2025-11-02', 1);
INSERT INTO Event (eventID, title, location, dateTime, teamID) VALUES (18, 'Practice', 'Pasir Mas', '2025-03-12', 2);
INSERT INTO Event (eventID, title, location, dateTime, teamID) VALUES (19, 'Game vs East Harbor College', 'Pejibaye', '2025-05-30', 3);
INSERT INTO Event (eventID, title, location, dateTime, teamID) VALUES (20, 'Practice', 'Toledo', '2025-10-23', 1);
INSERT INTO Event (eventID, title, location, dateTime, teamID) VALUES (21, 'Practice', 'Itag', '2025-10-28', 1);
INSERT INTO Event (eventID, title, location, dateTime, teamID) VALUES (22, 'Practice', 'Visconde do Rio Branco', '2025-03-07', 6);
INSERT INTO Event (eventID, title, location, dateTime, teamID) VALUES (23, 'Game vs Central Maritime', 'Asahi', '2025-02-26', 5);
INSERT INTO Event (eventID, title, location, dateTime, teamID) VALUES (24, 'Practice', 'Cikiruh', '2025-04-19', 1);
INSERT INTO Event (eventID, title, location, dateTime, teamID) VALUES (25, 'Practice', 'Zhujiang', '2025-03-03', 5);
INSERT INTO Event (eventID, title, location, dateTime, teamID) VALUES (26, 'Practice', 'Udomlya', '2025-02-05', 2);
INSERT INTO Event (eventID, title, location, dateTime, teamID) VALUES (27, 'Practice', 'Budagovo', '2025-01-06', 3);
INSERT INTO Event (eventID, title, location, dateTime, teamID) VALUES (28, 'Practice', 'Storuman', '2025-03-06', 1);
INSERT INTO Event (eventID, title, location, dateTime, teamID) VALUES (29, 'Game vs Silver Coast College', 'San Gregorio', '2025-06-29', 4);
INSERT INTO Event (eventID, title, location, dateTime, teamID) VALUES (30, 'Practice', 'Ban Ko Lan', '2025-02-25', 6);
INSERT INTO Event (eventID, title, location, dateTime, teamID) VALUES (31, 'Practice', 'omazy', '2025-02-19', 3);
INSERT INTO Event (eventID, title, location, dateTime, teamID) VALUES (32, 'Practice', 'Vsters', '2025-04-06', 1);
INSERT INTO Event (eventID, title, location, dateTime, teamID) VALUES (33, 'Practice', 'Eldoret', '2024-12-09', 6);
INSERT INTO Event (eventID, title, location, dateTime, teamID) VALUES (34, 'Practice', 'Al udaydah', '2025-01-15', 2);
INSERT INTO Event (eventID, title, location, dateTime, teamID) VALUES (35, 'Practice', 'Claveria', '2025-11-11', 5);
INSERT INTO Event (eventID, title, location, dateTime, teamID) VALUES (36, 'Game vs Western Hills College', 'Settat', '2025-08-09', 3);
INSERT INTO Event (eventID, title, location, dateTime, teamID) VALUES (37, 'Practice', 'New Orleans', '2025-05-16', 4);
INSERT INTO Event (eventID, title, location, dateTime, teamID) VALUES (38, 'Practice', 'Viosa do Cear', '2025-10-25', 5);
INSERT INTO Event (eventID, title, location, dateTime, teamID) VALUES (39, 'Practice', 'Tutayev', '2025-01-10', 6);
INSERT INTO Event (eventID, title, location, dateTime, teamID) VALUES (40, 'Practice', 'Karanggeneng', '2025-09-15', 3);

-- INSERT statements for Injury table
-- Source: Injury.csv
-- Total records: 75

INSERT INTO Injury (injuryID, type, date, recoveryDate, playerID) VALUES (1, 'Concussion', '2025-07-28', '2025-01-30', 26);
INSERT INTO Injury (injuryID, type, date, recoveryDate, playerID) VALUES (2, 'Concussion', '2025-05-12', '2025-06-15', 47);
INSERT INTO Injury (injuryID, type, date, recoveryDate, playerID) VALUES (3, 'Hamstring', '2024-12-15', '2025-06-16', 7);
INSERT INTO Injury (injuryID, type, date, recoveryDate, playerID) VALUES (4, 'Concussion', '2025-06-14', '2025-09-15', 8);
INSERT INTO Injury (injuryID, type, date, recoveryDate, playerID) VALUES (5, 'ACL', '2025-09-29', '2025-05-24', 33);
INSERT INTO Injury (injuryID, type, date, recoveryDate, playerID) VALUES (6, 'Concussion', '2025-04-28', '2025-05-04', 19);
INSERT INTO Injury (injuryID, type, date, recoveryDate, playerID) VALUES (7, 'Hamstring', '2025-09-21', '2025-07-19', 24);
INSERT INTO Injury (injuryID, type, date, recoveryDate, playerID) VALUES (8, 'Concussion', '2025-07-09', '2025-03-29', 44);
INSERT INTO Injury (injuryID, type, date, recoveryDate, playerID) VALUES (9, 'ACL', '2025-08-22', '2025-02-17', 17);
INSERT INTO Injury (injuryID, type, date, recoveryDate, playerID) VALUES (10, 'Hamstring', '2025-03-16', '2025-01-29', 40);
INSERT INTO Injury (injuryID, type, date, recoveryDate, playerID) VALUES (11, 'ACL', '2025-06-26', '2025-03-09', 2);
INSERT INTO Injury (injuryID, type, date, recoveryDate, playerID) VALUES (12, 'Concussion', '2025-01-28', '2025-07-07', 27);
INSERT INTO Injury (injuryID, type, date, recoveryDate, playerID) VALUES (13, 'ACL', '2025-02-26', '2025-11-24', 25);
INSERT INTO Injury (injuryID, type, date, recoveryDate, playerID) VALUES (14, 'ACL', '2025-05-04', '2025-07-04', 34);
INSERT INTO Injury (injuryID, type, date, recoveryDate, playerID) VALUES (15, 'Hamstring', '2025-04-05', '2025-12-05', 21);
INSERT INTO Injury (injuryID, type, date, recoveryDate, playerID) VALUES (16, 'ACL', '2025-06-07', '2025-10-19', 42);
INSERT INTO Injury (injuryID, type, date, recoveryDate, playerID) VALUES (17, 'Concussion', '2025-05-26', '2025-09-08', 48);
INSERT INTO Injury (injuryID, type, date, recoveryDate, playerID) VALUES (18, 'ACL', '2025-09-21', '2025-01-23', 10);
INSERT INTO Injury (injuryID, type, date, recoveryDate, playerID) VALUES (19, 'Concussion', '2025-03-02', '2025-09-20', 34);
INSERT INTO Injury (injuryID, type, date, recoveryDate, playerID) VALUES (20, 'Concussion', '2025-06-10', '2025-09-10', 7);
INSERT INTO Injury (injuryID, type, date, recoveryDate, playerID) VALUES (21, 'ACL', '2024-12-31', '2025-04-26', 42);
INSERT INTO Injury (injuryID, type, date, recoveryDate, playerID) VALUES (22, 'Concussion', '2025-11-14', '2025-03-06', 8);
INSERT INTO Injury (injuryID, type, date, recoveryDate, playerID) VALUES (23, 'Hamstring', '2025-08-01', '2025-01-13', 39);
INSERT INTO Injury (injuryID, type, date, recoveryDate, playerID) VALUES (24, 'ACL', '2025-08-25', '2025-04-01', 1);
INSERT INTO Injury (injuryID, type, date, recoveryDate, playerID) VALUES (25, 'Hamstring', '2025-10-11', '2025-10-08', 13);
INSERT INTO Injury (injuryID, type, date, recoveryDate, playerID) VALUES (26, 'Concussion', '2025-08-19', '2025-11-01', 12);
INSERT INTO Injury (injuryID, type, date, recoveryDate, playerID) VALUES (27, 'ACL', '2025-05-09', '2025-04-08', 36);
INSERT INTO Injury (injuryID, type, date, recoveryDate, playerID) VALUES (28, 'Hamstring', '2025-01-27', '2025-04-11', 38);
INSERT INTO Injury (injuryID, type, date, recoveryDate, playerID) VALUES (29, 'Concussion', '2025-07-18', '2025-11-20', 33);
INSERT INTO Injury (injuryID, type, date, recoveryDate, playerID) VALUES (30, 'Concussion', '2025-07-17', '2025-10-02', 8);
INSERT INTO Injury (injuryID, type, date, recoveryDate, playerID) VALUES (31, 'Hamstring', '2025-01-10', '2025-04-08', 47);
INSERT INTO Injury (injuryID, type, date, recoveryDate, playerID) VALUES (32, 'Concussion', '2025-08-09', '2025-03-19', 6);
INSERT INTO Injury (injuryID, type, date, recoveryDate, playerID) VALUES (33, 'Hamstring', '2025-02-08', '2025-07-30', 16);
INSERT INTO Injury (injuryID, type, date, recoveryDate, playerID) VALUES (34, 'Hamstring', '2025-07-19', '2025-10-17', 41);
INSERT INTO Injury (injuryID, type, date, recoveryDate, playerID) VALUES (35, 'ACL', '2025-10-01', '2025-04-29', 26);
INSERT INTO Injury (injuryID, type, date, recoveryDate, playerID) VALUES (36, 'Concussion', '2025-03-17', '2025-11-04', 46);
INSERT INTO Injury (injuryID, type, date, recoveryDate, playerID) VALUES (37, 'ACL', '2025-03-08', '2025-07-22', 31);
INSERT INTO Injury (injuryID, type, date, recoveryDate, playerID) VALUES (38, 'Hamstring', '2024-12-06', '2025-10-08', 23);
INSERT INTO Injury (injuryID, type, date, recoveryDate, playerID) VALUES (39, 'Hamstring', '2025-05-19', '2025-06-20', 4);
INSERT INTO Injury (injuryID, type, date, recoveryDate, playerID) VALUES (40, 'ACL', '2024-12-31', '2025-08-23', 22);
INSERT INTO Injury (injuryID, type, date, recoveryDate, playerID) VALUES (41, 'ACL', '2025-05-21', '2025-04-03', 18);
INSERT INTO Injury (injuryID, type, date, recoveryDate, playerID) VALUES (42, 'Concussion', '2025-10-17', '2025-09-08', 40);
INSERT INTO Injury (injuryID, type, date, recoveryDate, playerID) VALUES (43, 'Hamstring', '2025-02-13', '2025-04-19', 12);
INSERT INTO Injury (injuryID, type, date, recoveryDate, playerID) VALUES (44, 'Concussion', '2025-07-04', '2025-03-10', 33);
INSERT INTO Injury (injuryID, type, date, recoveryDate, playerID) VALUES (45, 'Concussion', '2025-10-18', '2025-08-08', 13);
INSERT INTO Injury (injuryID, type, date, recoveryDate, playerID) VALUES (46, 'ACL', '2024-12-28', '2025-05-06', 35);
INSERT INTO Injury (injuryID, type, date, recoveryDate, playerID) VALUES (47, 'Hamstring', '2025-09-04', '2025-07-27', 30);
INSERT INTO Injury (injuryID, type, date, recoveryDate, playerID) VALUES (48, 'Concussion', '2025-07-16', '2024-12-23', 20);
INSERT INTO Injury (injuryID, type, date, recoveryDate, playerID) VALUES (49, 'Concussion', '2025-06-19', '2025-09-10', 39);
INSERT INTO Injury (injuryID, type, date, recoveryDate, playerID) VALUES (50, 'Concussion', '2025-01-18', '2025-01-11', 29);
INSERT INTO Injury (injuryID, type, date, recoveryDate, playerID) VALUES (51, 'Hamstring', '2024-12-13', '2025-02-26', 15);
INSERT INTO Injury (injuryID, type, date, recoveryDate, playerID) VALUES (52, 'Concussion', '2025-03-09', '2025-05-28', 26);
INSERT INTO Injury (injuryID, type, date, recoveryDate, playerID) VALUES (53, 'ACL', '2025-07-08', '2025-03-01', 15);
INSERT INTO Injury (injuryID, type, date, recoveryDate, playerID) VALUES (54, 'ACL', '2025-01-22', '2025-01-31', 37);
INSERT INTO Injury (injuryID, type, date, recoveryDate, playerID) VALUES (55, 'ACL', '2025-04-12', '2024-12-12', 27);
INSERT INTO Injury (injuryID, type, date, recoveryDate, playerID) VALUES (56, 'ACL', '2025-09-01', '2025-05-17', 7);
INSERT INTO Injury (injuryID, type, date, recoveryDate, playerID) VALUES (57, 'ACL', '2025-03-09', '2025-09-05', 23);
INSERT INTO Injury (injuryID, type, date, recoveryDate, playerID) VALUES (58, 'ACL', '2025-09-22', '2025-06-20', 14);
INSERT INTO Injury (injuryID, type, date, recoveryDate, playerID) VALUES (59, 'Hamstring', '2025-11-19', '2025-04-21', 46);
INSERT INTO Injury (injuryID, type, date, recoveryDate, playerID) VALUES (60, 'Concussion', '2025-08-20', '2025-01-26', 26);
INSERT INTO Injury (injuryID, type, date, recoveryDate, playerID) VALUES (61, 'Hamstring', '2025-05-05', '2025-10-31', 48);
INSERT INTO Injury (injuryID, type, date, recoveryDate, playerID) VALUES (62, 'Hamstring', '2025-11-04', '2025-07-22', 13);
INSERT INTO Injury (injuryID, type, date, recoveryDate, playerID) VALUES (63, 'Hamstring', '2025-03-27', '2025-11-12', 11);
INSERT INTO Injury (injuryID, type, date, recoveryDate, playerID) VALUES (64, 'Hamstring', '2025-03-14', '2025-03-14', 10);
INSERT INTO Injury (injuryID, type, date, recoveryDate, playerID) VALUES (65, 'Concussion', '2025-02-01', '2025-06-02', 14);
INSERT INTO Injury (injuryID, type, date, recoveryDate, playerID) VALUES (66, 'Concussion', '2025-08-20', '2025-02-08', 40);
INSERT INTO Injury (injuryID, type, date, recoveryDate, playerID) VALUES (67, 'ACL', '2025-10-20', '2024-12-17', 47);
INSERT INTO Injury (injuryID, type, date, recoveryDate, playerID) VALUES (68, 'Concussion', '2025-09-07', '2025-12-04', 12);
INSERT INTO Injury (injuryID, type, date, recoveryDate, playerID) VALUES (69, 'ACL', '2025-01-02', '2025-02-25', 1);
INSERT INTO Injury (injuryID, type, date, recoveryDate, playerID) VALUES (70, 'Hamstring', '2025-05-18', '2025-03-02', 36);
INSERT INTO Injury (injuryID, type, date, recoveryDate, playerID) VALUES (71, 'Hamstring', '2025-07-01', '2025-05-14', 2);
INSERT INTO Injury (injuryID, type, date, recoveryDate, playerID) VALUES (72, 'Concussion', '2025-12-02', '2025-07-24', 5);
INSERT INTO Injury (injuryID, type, date, recoveryDate, playerID) VALUES (73, 'ACL', '2025-06-15', '2025-11-11', 27);
INSERT INTO Injury (injuryID, type, date, recoveryDate, playerID) VALUES (74, 'Concussion', '2025-08-26', '2025-08-06', 31);
INSERT INTO Injury (injuryID, type, date, recoveryDate, playerID) VALUES (75, 'ACL', '2025-01-19', '2024-12-09', 37);

-- INSERT statements for PlayerEvent table
-- Source: PlayerEvent.csv
-- Total records: 150

INSERT INTO PlayerEvent (eventID, playerID) VALUES (17, 3);
INSERT INTO PlayerEvent (eventID, playerID) VALUES (7, 23);
INSERT INTO PlayerEvent (eventID, playerID) VALUES (14, 2);
INSERT INTO PlayerEvent (eventID, playerID) VALUES (9, 8);
INSERT INTO PlayerEvent (eventID, playerID) VALUES (14, 5);
INSERT INTO PlayerEvent (eventID, playerID) VALUES (2, 38);
INSERT INTO PlayerEvent (eventID, playerID) VALUES (3, 36);
INSERT INTO PlayerEvent (eventID, playerID) VALUES (4, 25);
INSERT INTO PlayerEvent (eventID, playerID) VALUES (4, 34);
INSERT INTO PlayerEvent (eventID, playerID) VALUES (5, 33);
INSERT INTO PlayerEvent (eventID, playerID) VALUES (20, 7);
INSERT INTO PlayerEvent (eventID, playerID) VALUES (11, 48);
INSERT INTO PlayerEvent (eventID, playerID) VALUES (20, 48);
INSERT INTO PlayerEvent (eventID, playerID) VALUES (16, 40);
INSERT INTO PlayerEvent (eventID, playerID) VALUES (10, 30);
INSERT INTO PlayerEvent (eventID, playerID) VALUES (3, 37);
INSERT INTO PlayerEvent (eventID, playerID) VALUES (2, 12);
INSERT INTO PlayerEvent (eventID, playerID) VALUES (6, 9);
INSERT INTO PlayerEvent (eventID, playerID) VALUES (10, 29);
INSERT INTO PlayerEvent (eventID, playerID) VALUES (18, 18);
INSERT INTO PlayerEvent (eventID, playerID) VALUES (15, 43);
INSERT INTO PlayerEvent (eventID, playerID) VALUES (13, 12);
INSERT INTO PlayerEvent (eventID, playerID) VALUES (1, 27);
INSERT INTO PlayerEvent (eventID, playerID) VALUES (5, 24);
INSERT INTO PlayerEvent (eventID, playerID) VALUES (20, 14);
INSERT INTO PlayerEvent (eventID, playerID) VALUES (16, 41);
INSERT INTO PlayerEvent (eventID, playerID) VALUES (1, 20);
INSERT INTO PlayerEvent (eventID, playerID) VALUES (7, 43);
INSERT INTO PlayerEvent (eventID, playerID) VALUES (16, 42);
INSERT INTO PlayerEvent (eventID, playerID) VALUES (13, 2);
INSERT INTO PlayerEvent (eventID, playerID) VALUES (8, 27);
INSERT INTO PlayerEvent (eventID, playerID) VALUES (7, 45);
INSERT INTO PlayerEvent (eventID, playerID) VALUES (14, 7);
INSERT INTO PlayerEvent (eventID, playerID) VALUES (10, 5);
INSERT INTO PlayerEvent (eventID, playerID) VALUES (5, 16);
INSERT INTO PlayerEvent (eventID, playerID) VALUES (12, 2);
INSERT INTO PlayerEvent (eventID, playerID) VALUES (16, 39);
INSERT INTO PlayerEvent (eventID, playerID) VALUES (10, 43);
INSERT INTO PlayerEvent (eventID, playerID) VALUES (20, 26);
INSERT INTO PlayerEvent (eventID, playerID) VALUES (2, 44);
INSERT INTO PlayerEvent (eventID, playerID) VALUES (6, 24);
INSERT INTO PlayerEvent (eventID, playerID) VALUES (17, 17);
INSERT INTO PlayerEvent (eventID, playerID) VALUES (7, 41);
INSERT INTO PlayerEvent (eventID, playerID) VALUES (11, 37);
INSERT INTO PlayerEvent (eventID, playerID) VALUES (1, 45);
INSERT INTO PlayerEvent (eventID, playerID) VALUES (2, 10);
INSERT INTO PlayerEvent (eventID, playerID) VALUES (15, 18);
INSERT INTO PlayerEvent (eventID, playerID) VALUES (13, 46);
INSERT INTO PlayerEvent (eventID, playerID) VALUES (15, 2);
INSERT INTO PlayerEvent (eventID, playerID) VALUES (7, 13);
INSERT INTO PlayerEvent (eventID, playerID) VALUES (4, 5);
INSERT INTO PlayerEvent (eventID, playerID) VALUES (5, 45);
INSERT INTO PlayerEvent (eventID, playerID) VALUES (3, 21);
INSERT INTO PlayerEvent (eventID, playerID) VALUES (14, 15);
INSERT INTO PlayerEvent (eventID, playerID) VALUES (18, 7);
INSERT INTO PlayerEvent (eventID, playerID) VALUES (12, 19);
INSERT INTO PlayerEvent (eventID, playerID) VALUES (5, 13);
INSERT INTO PlayerEvent (eventID, playerID) VALUES (2, 42);
INSERT INTO PlayerEvent (eventID, playerID) VALUES (19, 48);
INSERT INTO PlayerEvent (eventID, playerID) VALUES (2, 34);
INSERT INTO PlayerEvent (eventID, playerID) VALUES (8, 24);
INSERT INTO PlayerEvent (eventID, playerID) VALUES (1, 46);
INSERT INTO PlayerEvent (eventID, playerID) VALUES (4, 4);
INSERT INTO PlayerEvent (eventID, playerID) VALUES (11, 11);
INSERT INTO PlayerEvent (eventID, playerID) VALUES (10, 48);
INSERT INTO PlayerEvent (eventID, playerID) VALUES (7, 39);
INSERT INTO PlayerEvent (eventID, playerID) VALUES (11, 15);
INSERT INTO PlayerEvent (eventID, playerID) VALUES (9, 13);
INSERT INTO PlayerEvent (eventID, playerID) VALUES (16, 28);
INSERT INTO PlayerEvent (eventID, playerID) VALUES (2, 41);
INSERT INTO PlayerEvent (eventID, playerID) VALUES (9, 29);
INSERT INTO PlayerEvent (eventID, playerID) VALUES (11, 44);
INSERT INTO PlayerEvent (eventID, playerID) VALUES (10, 36);
INSERT INTO PlayerEvent (eventID, playerID) VALUES (16, 10);
INSERT INTO PlayerEvent (eventID, playerID) VALUES (6, 29);
INSERT INTO PlayerEvent (eventID, playerID) VALUES (3, 19);
INSERT INTO PlayerEvent (eventID, playerID) VALUES (12, 18);
INSERT INTO PlayerEvent (eventID, playerID) VALUES (14, 4);
INSERT INTO PlayerEvent (eventID, playerID) VALUES (15, 16);
INSERT INTO PlayerEvent (eventID, playerID) VALUES (8, 34);
INSERT INTO PlayerEvent (eventID, playerID) VALUES (16, 38);
INSERT INTO PlayerEvent (eventID, playerID) VALUES (1, 26);
INSERT INTO PlayerEvent (eventID, playerID) VALUES (12, 29);
INSERT INTO PlayerEvent (eventID, playerID) VALUES (3, 10);
INSERT INTO PlayerEvent (eventID, playerID) VALUES (2, 13);
INSERT INTO PlayerEvent (eventID, playerID) VALUES (16, 22);
INSERT INTO PlayerEvent (eventID, playerID) VALUES (1, 39);
INSERT INTO PlayerEvent (eventID, playerID) VALUES (12, 1);
INSERT INTO PlayerEvent (eventID, playerID) VALUES (14, 47);
INSERT INTO PlayerEvent (eventID, playerID) VALUES (5, 48);
INSERT INTO PlayerEvent (eventID, playerID) VALUES (15, 8);
INSERT INTO PlayerEvent (eventID, playerID) VALUES (8, 9);
INSERT INTO PlayerEvent (eventID, playerID) VALUES (10, 20);
INSERT INTO PlayerEvent (eventID, playerID) VALUES (4, 17);
INSERT INTO PlayerEvent (eventID, playerID) VALUES (10, 1);
INSERT INTO PlayerEvent (eventID, playerID) VALUES (8, 28);
INSERT INTO PlayerEvent (eventID, playerID) VALUES (4, 8);
INSERT INTO PlayerEvent (eventID, playerID) VALUES (19, 41);
INSERT INTO PlayerEvent (eventID, playerID) VALUES (6, 10);
INSERT INTO PlayerEvent (eventID, playerID) VALUES (7, 4);
INSERT INTO PlayerEvent (eventID, playerID) VALUES (17, 43);
INSERT INTO PlayerEvent (eventID, playerID) VALUES (2, 16);
INSERT INTO PlayerEvent (eventID, playerID) VALUES (8, 13);

INSERT INTO PlayerEvent (eventID, playerID) VALUES (12, 20);
INSERT INTO PlayerEvent (eventID, playerID) VALUES (5, 29);
INSERT INTO PlayerEvent (eventID, playerID) VALUES (18, 30);
INSERT INTO PlayerEvent (eventID, playerID) VALUES (11, 19);
INSERT INTO PlayerEvent (eventID, playerID) VALUES (6, 42);
INSERT INTO PlayerEvent (eventID, playerID) VALUES (9, 27);
INSERT INTO PlayerEvent (eventID, playerID) VALUES (11, 20);
INSERT INTO PlayerEvent (eventID, playerID) VALUES (8, 1);
INSERT INTO PlayerEvent (eventID, playerID) VALUES (4, 19);

INSERT INTO PlayerEvent (eventID, playerID) VALUES (19, 32);
INSERT INTO PlayerEvent (eventID, playerID) VALUES (3, 16);
INSERT INTO PlayerEvent (eventID, playerID) VALUES (9, 24);

INSERT INTO PlayerEvent (eventID, playerID) VALUES (6, 1);
INSERT INTO PlayerEvent (eventID, playerID) VALUES (4, 43);
INSERT INTO PlayerEvent (eventID, playerID) VALUES (14, 20);
INSERT INTO PlayerEvent (eventID, playerID) VALUES (7, 6);
INSERT INTO PlayerEvent (eventID, playerID) VALUES (1, 29);
INSERT INTO PlayerEvent (eventID, playerID) VALUES (12, 5);
INSERT INTO PlayerEvent (eventID, playerID) VALUES (5, 15);
INSERT INTO PlayerEvent (eventID, playerID) VALUES (11, 35);
INSERT INTO PlayerEvent (eventID, playerID) VALUES (8, 39);

INSERT INTO PlayerEvent (eventID, playerID) VALUES (17, 31);
INSERT INTO PlayerEvent (eventID, playerID) VALUES (2, 17);
INSERT INTO PlayerEvent (eventID, playerID) VALUES (10, 47);
INSERT INTO PlayerEvent (eventID, playerID) VALUES (18, 23);
INSERT INTO PlayerEvent (eventID, playerID) VALUES (20, 44);
INSERT INTO PlayerEvent (eventID, playerID) VALUES (15, 40);
INSERT INTO PlayerEvent (eventID, playerID) VALUES (18, 13);
INSERT INTO PlayerEvent (eventID, playerID) VALUES (9, 48);
INSERT INTO PlayerEvent (eventID, playerID) VALUES (15, 46);
INSERT INTO PlayerEvent (eventID, playerID) VALUES (14, 30);
INSERT INTO PlayerEvent (eventID, playerID) VALUES (3, 18);

-- INSERT statements for StatEvent table
-- Source: StatEvent.csv
-- Total records: 250

INSERT INTO StatEvent (statID, dateTime, statType, eventID, playerID) VALUES (1, '2024-12-30', 'Goal', 11, 70);
INSERT INTO StatEvent (statID, dateTime, statType, eventID, playerID) VALUES (2, '2025-07-21', 'Passes', 27, 2);
INSERT INTO StatEvent (statID, dateTime, statType, eventID, playerID) VALUES (3, '2025-05-18', 'Save', 14, 17);
INSERT INTO StatEvent (statID, dateTime, statType, eventID, playerID) VALUES (4, '2025-03-30', 'Passes', 18, 94);
INSERT INTO StatEvent (statID, dateTime, statType, eventID, playerID) VALUES (5, '2025-09-29', 'Goal', 34, 43);
INSERT INTO StatEvent (statID, dateTime, statType, eventID, playerID) VALUES (6, '2025-08-20', 'Passes', 21, 51);
INSERT INTO StatEvent (statID, dateTime, statType, eventID, playerID) VALUES (7, '2025-04-18', 'Assist', 12, 11);
INSERT INTO StatEvent (statID, dateTime, statType, eventID, playerID) VALUES (8, '2025-02-14', 'Passes', 14, 38);
INSERT INTO StatEvent (statID, dateTime, statType, eventID, playerID) VALUES (9, '2025-02-11', 'Passes', 4, 96);
INSERT INTO StatEvent (statID, dateTime, statType, eventID, playerID) VALUES (10, '2025-01-19', 'Assist', 39, 44);
INSERT INTO StatEvent (statID, dateTime, statType, eventID, playerID) VALUES (11, '2025-01-05', 'Goal', 36, 61);
INSERT INTO StatEvent (statID, dateTime, statType, eventID, playerID) VALUES (12, '2025-03-25', 'Save', 15, 54);
INSERT INTO StatEvent (statID, dateTime, statType, eventID, playerID) VALUES (13, '2025-06-20', 'Assist', 34, 35);
INSERT INTO StatEvent (statID, dateTime, statType, eventID, playerID) VALUES (14, '2025-04-15', 'Goal', 33, 39);
INSERT INTO StatEvent (statID, dateTime, statType, eventID, playerID) VALUES (15, '2025-03-18', 'Passes', 35, 34);
INSERT INTO StatEvent (statID, dateTime, statType, eventID, playerID) VALUES (16, '2025-08-13', 'Assist', 31, 26);
INSERT INTO StatEvent (statID, dateTime, statType, eventID, playerID) VALUES (17, '2025-07-02', 'Goal', 32, 89);
INSERT INTO StatEvent (statID, dateTime, statType, eventID, playerID) VALUES (18, '2025-02-04', 'Passes', 14, 95);
INSERT INTO StatEvent (statID, dateTime, statType, eventID, playerID) VALUES (19, '2025-02-15', 'Passes', 12, 67);
INSERT INTO StatEvent (statID, dateTime, statType, eventID, playerID) VALUES (20, '2025-01-16', 'Goal', 10, 72);
INSERT INTO StatEvent (statID, dateTime, statType, eventID, playerID) VALUES (21, '2025-05-22', 'Assist', 4, 4);
INSERT INTO StatEvent (statID, dateTime, statType, eventID, playerID) VALUES (22, '2024-12-27', 'Save', 2, 27);
INSERT INTO StatEvent (statID, dateTime, statType, eventID, playerID) VALUES (23, '2025-06-12', 'Goal', 27, 16);
INSERT INTO StatEvent (statID, dateTime, statType, eventID, playerID) VALUES (24, '2025-11-15', 'Goal', 3, 21);
INSERT INTO StatEvent (statID, dateTime, statType, eventID, playerID) VALUES (25, '2025-06-11', 'Save', 18, 40);
INSERT INTO StatEvent (statID, dateTime, statType, eventID, playerID) VALUES (26, '2025-09-25', 'Assist', 39, 90);
INSERT INTO StatEvent (statID, dateTime, statType, eventID, playerID) VALUES (27, '2025-11-04', 'Goal', 25, 72);
INSERT INTO StatEvent (statID, dateTime, statType, eventID, playerID) VALUES (28, '2025-06-30', 'Goal', 21, 82);
INSERT INTO StatEvent (statID, dateTime, statType, eventID, playerID) VALUES (29, '2025-11-14', 'Passes', 13, 63);
INSERT INTO StatEvent (statID, dateTime, statType, eventID, playerID) VALUES (30, '2025-03-11', 'Save', 27, 33);
INSERT INTO StatEvent (statID, dateTime, statType, eventID, playerID) VALUES (31, '2025-11-24', 'Passes', 9, 39);
INSERT INTO StatEvent (statID, dateTime, statType, eventID, playerID) VALUES (32, '2025-03-03', 'Save', 12, 26);
INSERT INTO StatEvent (statID, dateTime, statType, eventID, playerID) VALUES (33, '2025-11-11', 'Passes', 24, 58);
INSERT INTO StatEvent (statID, dateTime, statType, eventID, playerID) VALUES (34, '2025-10-21', 'Passes', 40, 17);
INSERT INTO StatEvent (statID, dateTime, statType, eventID, playerID) VALUES (35, '2025-03-04', 'Save', 32, 5);
INSERT INTO StatEvent (statID, dateTime, statType, eventID, playerID) VALUES (36, '2025-11-10', 'Assist', 25, 73);
INSERT INTO StatEvent (statID, dateTime, statType, eventID, playerID) VALUES (37, '2025-08-25', 'Save', 27, 75);
INSERT INTO StatEvent (statID, dateTime, statType, eventID, playerID) VALUES (38, '2025-06-06', 'Save', 17, 95);
INSERT INTO StatEvent (statID, dateTime, statType, eventID, playerID) VALUES (39, '2025-09-03', 'Save', 6, 79);
INSERT INTO StatEvent (statID, dateTime, statType, eventID, playerID) VALUES (40, '2025-03-20', 'Assist', 18, 27);
INSERT INTO StatEvent (statID, dateTime, statType, eventID, playerID) VALUES (41, '2025-09-10', 'Assist', 19, 46);
INSERT INTO StatEvent (statID, dateTime, statType, eventID, playerID) VALUES (42, '2025-10-20', 'Passes', 5, 28);
INSERT INTO StatEvent (statID, dateTime, statType, eventID, playerID) VALUES (43, '2025-01-03', 'Goal', 39, 30);
INSERT INTO StatEvent (statID, dateTime, statType, eventID, playerID) VALUES (44, '2025-10-30', 'Passes', 8, 32);
INSERT INTO StatEvent (statID, dateTime, statType, eventID, playerID) VALUES (45, '2025-01-01', 'Goal', 18, 51);
INSERT INTO StatEvent (statID, dateTime, statType, eventID, playerID) VALUES (46, '2025-09-04', 'Passes', 38, 16);
INSERT INTO StatEvent (statID, dateTime, statType, eventID, playerID) VALUES (47, '2025-03-27', 'Goal', 35, 21);
INSERT INTO StatEvent (statID, dateTime, statType, eventID, playerID) VALUES (48, '2025-08-04', 'Passes', 26, 70);
INSERT INTO StatEvent (statID, dateTime, statType, eventID, playerID) VALUES (49, '2025-10-04', 'Passes', 25, 3);
INSERT INTO StatEvent (statID, dateTime, statType, eventID, playerID) VALUES (50, '2025-03-29', 'Save', 3, 12);
INSERT INTO StatEvent (statID, dateTime, statType, eventID, playerID) VALUES (51, '2025-07-12', 'Assist', 13, 47);
INSERT INTO StatEvent (statID, dateTime, statType, eventID, playerID) VALUES (52, '2025-11-09', 'Passes', 36, 24);
INSERT INTO StatEvent (statID, dateTime, statType, eventID, playerID) VALUES (53, '2025-02-17', 'Goal', 27, 42);
INSERT INTO StatEvent (statID, dateTime, statType, eventID, playerID) VALUES (54, '2025-08-01', 'Save', 30, 78);
INSERT INTO StatEvent (statID, dateTime, statType, eventID, playerID) VALUES (55, '2025-01-12', 'Passes', 37, 87);
INSERT INTO StatEvent (statID, dateTime, statType, eventID, playerID) VALUES (56, '2025-11-08', 'Assist', 15, 25);
INSERT INTO StatEvent (statID, dateTime, statType, eventID, playerID) VALUES (57, '2025-10-05', 'Goal', 29, 42);
INSERT INTO StatEvent (statID, dateTime, statType, eventID, playerID) VALUES (58, '2025-07-19', 'Goal', 14, 26);
INSERT INTO StatEvent (statID, dateTime, statType, eventID, playerID) VALUES (59, '2025-04-15', 'Assist', 37, 84);
INSERT INTO StatEvent (statID, dateTime, statType, eventID, playerID) VALUES (60, '2025-09-29', 'Passes', 40, 60);
INSERT INTO StatEvent (statID, dateTime, statType, eventID, playerID) VALUES (61, '2025-05-30', 'Passes', 12, 13);
INSERT INTO StatEvent (statID, dateTime, statType, eventID, playerID) VALUES (62, '2025-03-08', 'Passes', 13, 95);
INSERT INTO StatEvent (statID, dateTime, statType, eventID, playerID) VALUES (63, '2025-05-10', 'Passes', 16, 62);
INSERT INTO StatEvent (statID, dateTime, statType, eventID, playerID) VALUES (64, '2025-03-26', 'Save', 12, 34);
INSERT INTO StatEvent (statID, dateTime, statType, eventID, playerID) VALUES (65, '2025-12-05', 'Save', 18, 42);
INSERT INTO StatEvent (statID, dateTime, statType, eventID, playerID) VALUES (66, '2025-11-10', 'Passes', 32, 62);
INSERT INTO StatEvent (statID, dateTime, statType, eventID, playerID) VALUES (67, '2025-09-01', 'Goal', 31, 24);
INSERT INTO StatEvent (statID, dateTime, statType, eventID, playerID) VALUES (68, '2025-03-05', 'Assist', 10, 8);
INSERT INTO StatEvent (statID, dateTime, statType, eventID, playerID) VALUES (69, '2025-08-17', 'Passes', 35, 46);
INSERT INTO StatEvent (statID, dateTime, statType, eventID, playerID) VALUES (70, '2025-05-17', 'Goal', 36, 1);
INSERT INTO StatEvent (statID, dateTime, statType, eventID, playerID) VALUES (71, '2024-12-24', 'Goal', 20, 41);
INSERT INTO StatEvent (statID, dateTime, statType, eventID, playerID) VALUES (72, '2025-02-08', 'Passes', 6, 34);
INSERT INTO StatEvent (statID, dateTime, statType, eventID, playerID) VALUES (73, '2025-07-24', 'Goal', 25, 38);
INSERT INTO StatEvent (statID, dateTime, statType, eventID, playerID) VALUES (74, '2025-08-06', 'Save', 35, 21);
INSERT INTO StatEvent (statID, dateTime, statType, eventID, playerID) VALUES (75, '2024-12-17', 'Passes', 17, 15);
INSERT INTO StatEvent (statID, dateTime, statType, eventID, playerID) VALUES (76, '2025-04-12', 'Assist', 2, 73);
INSERT INTO StatEvent (statID, dateTime, statType, eventID, playerID) VALUES (77, '2024-12-28', 'Passes', 5, 53);
INSERT INTO StatEvent (statID, dateTime, statType, eventID, playerID) VALUES (78, '2025-10-05', 'Goal', 31, 64);
INSERT INTO StatEvent (statID, dateTime, statType, eventID, playerID) VALUES (79, '2024-12-17', 'Save', 21, 29);
INSERT INTO StatEvent (statID, dateTime, statType, eventID, playerID) VALUES (80, '2024-12-06', 'Save', 9, 4);
INSERT INTO StatEvent (statID, dateTime, statType, eventID, playerID) VALUES (81, '2024-12-22', 'Goal', 40, 47);
INSERT INTO StatEvent (statID, dateTime, statType, eventID, playerID) VALUES (82, '2025-03-10', 'Assist', 15, 75);
INSERT INTO StatEvent (statID, dateTime, statType, eventID, playerID) VALUES (83, '2025-02-03', 'Goal', 19, 40);
INSERT INTO StatEvent (statID, dateTime, statType, eventID, playerID) VALUES (84, '2025-06-06', 'Goal', 13, 17);
INSERT INTO StatEvent (statID, dateTime, statType, eventID, playerID) VALUES (85, '2025-05-21', 'Goal', 13, 34);
INSERT INTO StatEvent (statID, dateTime, statType, eventID, playerID) VALUES (86, '2025-08-01', 'Passes', 27, 44);
INSERT INTO StatEvent (statID, dateTime, statType, eventID, playerID) VALUES (87, '2025-07-15', 'Assist', 32, 2);
INSERT INTO StatEvent (statID, dateTime, statType, eventID, playerID) VALUES (88, '2025-01-06', 'Save', 31, 61);
INSERT INTO StatEvent (statID, dateTime, statType, eventID, playerID) VALUES (89, '2025-08-13', 'Save', 35, 76);
INSERT INTO StatEvent (statID, dateTime, statType, eventID, playerID) VALUES (90, '2025-01-20', 'Goal', 17, 66);
INSERT INTO StatEvent (statID, dateTime, statType, eventID, playerID) VALUES (91, '2025-05-26', 'Save', 22, 11);
INSERT INTO StatEvent (statID, dateTime, statType, eventID, playerID) VALUES (92, '2025-02-26', 'Goal', 16, 88);
INSERT INTO StatEvent (statID, dateTime, statType, eventID, playerID) VALUES (93, '2025-01-07', 'Assist', 21, 24);
INSERT INTO StatEvent (statID, dateTime, statType, eventID, playerID) VALUES (94, '2025-05-10', 'Assist', 29, 72);
INSERT INTO StatEvent (statID, dateTime, statType, eventID, playerID) VALUES (95, '2025-08-17', 'Goal', 14, 63);
INSERT INTO StatEvent (statID, dateTime, statType, eventID, playerID) VALUES (96, '2025-01-28', 'Passes', 25, 75);
INSERT INTO StatEvent (statID, dateTime, statType, eventID, playerID) VALUES (97, '2025-11-07', 'Passes', 18, 49);
INSERT INTO StatEvent (statID, dateTime, statType, eventID, playerID) VALUES (98, '2025-02-07', 'Save', 8, 42);
INSERT INTO StatEvent (statID, dateTime, statType, eventID, playerID) VALUES (99, '2025-05-10', 'Passes', 6, 72);
INSERT INTO StatEvent (statID, dateTime, statType, eventID, playerID) VALUES (100, '2025-04-03', 'Goal', 33, 90);
INSERT INTO StatEvent (statID, dateTime, statType, eventID, playerID) VALUES (101, '2025-10-12', 'Goal', 32, 66);
INSERT INTO StatEvent (statID, dateTime, statType, eventID, playerID) VALUES (102, '2025-02-02', 'Assist', 20, 92);
INSERT INTO StatEvent (statID, dateTime, statType, eventID, playerID) VALUES (103, '2025-07-09', 'Assist', 21, 81);
INSERT INTO StatEvent (statID, dateTime, statType, eventID, playerID) VALUES (104, '2024-12-24', 'Goal', 4, 86);
INSERT INTO StatEvent (statID, dateTime, statType, eventID, playerID) VALUES (105, '2025-11-17', 'Passes', 2, 43);
INSERT INTO StatEvent (statID, dateTime, statType, eventID, playerID) VALUES (106, '2025-04-20', 'Save', 37, 95);
INSERT INTO StatEvent (statID, dateTime, statType, eventID, playerID) VALUES (107, '2025-05-11', 'Goal', 39, 62);
INSERT INTO StatEvent (statID, dateTime, statType, eventID, playerID) VALUES (108, '2025-05-31', 'Goal', 16, 91);
INSERT INTO StatEvent (statID, dateTime, statType, eventID, playerID) VALUES (109, '2025-02-15', 'Save', 40, 71);
INSERT INTO StatEvent (statID, dateTime, statType, eventID, playerID) VALUES (110, '2025-08-11', 'Passes', 4, 78);
INSERT INTO StatEvent (statID, dateTime, statType, eventID, playerID) VALUES (111, '2025-01-15', 'Save', 8, 87);
INSERT INTO StatEvent (statID, dateTime, statType, eventID, playerID) VALUES (112, '2025-05-13', 'Goal', 29, 24);
INSERT INTO StatEvent (statID, dateTime, statType, eventID, playerID) VALUES (113, '2025-08-14', 'Assist', 11, 75);
INSERT INTO StatEvent (statID, dateTime, statType, eventID, playerID) VALUES (114, '2025-08-05', 'Passes', 8, 38);
INSERT INTO StatEvent (statID, dateTime, statType, eventID, playerID) VALUES (115, '2025-11-14', 'Save', 4, 64);
INSERT INTO StatEvent (statID, dateTime, statType, eventID, playerID) VALUES (116, '2025-02-18', 'Passes', 22, 42);
INSERT INTO StatEvent (statID, dateTime, statType, eventID, playerID) VALUES (117, '2025-04-20', 'Save', 20, 52);
INSERT INTO StatEvent (statID, dateTime, statType, eventID, playerID) VALUES (118, '2025-07-16', 'Assist', 2, 51);
INSERT INTO StatEvent (statID, dateTime, statType, eventID, playerID) VALUES (119, '2025-07-09', 'Goal', 29, 33);
INSERT INTO StatEvent (statID, dateTime, statType, eventID, playerID) VALUES (120, '2025-07-02', 'Save', 38, 24);
INSERT INTO StatEvent (statID, dateTime, statType, eventID, playerID) VALUES (121, '2025-03-19', 'Save', 9, 43);
INSERT INTO StatEvent (statID, dateTime, statType, eventID, playerID) VALUES (122, '2025-08-26', 'Save', 4, 28);
INSERT INTO StatEvent (statID, dateTime, statType, eventID, playerID) VALUES (123, '2025-07-02', 'Passes', 2, 4);
INSERT INTO StatEvent (statID, dateTime, statType, eventID, playerID) VALUES (124, '2025-01-29', 'Passes', 17, 14);
INSERT INTO StatEvent (statID, dateTime, statType, eventID, playerID) VALUES (125, '2025-08-24', 'Assist', 22, 60);
INSERT INTO StatEvent (statID, dateTime, statType, eventID, playerID) VALUES (126, '2024-12-21', 'Save', 13, 31);
INSERT INTO StatEvent (statID, dateTime, statType, eventID, playerID) VALUES (127, '2025-02-16', 'Save', 5, 91);
INSERT INTO StatEvent (statID, dateTime, statType, eventID, playerID) VALUES (128, '2025-11-12', 'Assist', 35, 10);
INSERT INTO StatEvent (statID, dateTime, statType, eventID, playerID) VALUES (129, '2025-02-27', 'Assist', 14, 85);
INSERT INTO StatEvent (statID, dateTime, statType, eventID, playerID) VALUES (130, '2025-09-03', 'Assist', 9, 40);
INSERT INTO StatEvent (statID, dateTime, statType, eventID, playerID) VALUES (131, '2024-12-09', 'Goal', 18, 3);
INSERT INTO StatEvent (statID, dateTime, statType, eventID, playerID) VALUES (132, '2025-09-28', 'Save', 12, 64);
INSERT INTO StatEvent (statID, dateTime, statType, eventID, playerID) VALUES (133, '2025-06-18', 'Assist', 36, 86);
INSERT INTO StatEvent (statID, dateTime, statType, eventID, playerID) VALUES (134, '2025-10-25', 'Save', 2, 44);
INSERT INTO StatEvent (statID, dateTime, statType, eventID, playerID) VALUES (135, '2025-08-02', 'Assist', 31, 88);
INSERT INTO StatEvent (statID, dateTime, statType, eventID, playerID) VALUES (136, '2024-12-29', 'Goal', 6, 2);
INSERT INTO StatEvent (statID, dateTime, statType, eventID, playerID) VALUES (137, '2025-05-21', 'Goal', 12, 12);
INSERT INTO StatEvent (statID, dateTime, statType, eventID, playerID) VALUES (138, '2025-01-03', 'Assist', 10, 20);
INSERT INTO StatEvent (statID, dateTime, statType, eventID, playerID) VALUES (139, '2025-07-01', 'Save', 8, 83);
INSERT INTO StatEvent (statID, dateTime, statType, eventID, playerID) VALUES (140, '2025-05-09', 'Passes', 20, 52);
INSERT INTO StatEvent (statID, dateTime, statType, eventID, playerID) VALUES (141, '2025-05-24', 'Passes', 5, 92);
INSERT INTO StatEvent (statID, dateTime, statType, eventID, playerID) VALUES (142, '2025-10-03', 'Passes', 36, 17);
INSERT INTO StatEvent (statID, dateTime, statType, eventID, playerID) VALUES (143, '2025-11-14', 'Passes', 8, 34);
INSERT INTO StatEvent (statID, dateTime, statType, eventID, playerID) VALUES (144, '2025-02-16', 'Save', 13, 86);
INSERT INTO StatEvent (statID, dateTime, statType, eventID, playerID) VALUES (145, '2025-09-04', 'Save', 34, 2);
INSERT INTO StatEvent (statID, dateTime, statType, eventID, playerID) VALUES (146, '2024-12-25', 'Assist', 1, 8);
INSERT INTO StatEvent (statID, dateTime, statType, eventID, playerID) VALUES (147, '2025-01-13', 'Goal', 38, 65);
INSERT INTO StatEvent (statID, dateTime, statType, eventID, playerID) VALUES (148, '2025-10-01', 'Assist', 40, 66);
INSERT INTO StatEvent (statID, dateTime, statType, eventID, playerID) VALUES (149, '2025-03-22', 'Save', 19, 44);
INSERT INTO StatEvent (statID, dateTime, statType, eventID, playerID) VALUES (150, '2025-03-03', 'Assist', 34, 50);
INSERT INTO StatEvent (statID, dateTime, statType, eventID, playerID) VALUES (151, '2025-11-05', 'Save', 6, 64);
INSERT INTO StatEvent (statID, dateTime, statType, eventID, playerID) VALUES (152, '2025-11-06', 'Save', 20, 5);
INSERT INTO StatEvent (statID, dateTime, statType, eventID, playerID) VALUES (153, '2025-09-10', 'Save', 1, 34);
INSERT INTO StatEvent (statID, dateTime, statType, eventID, playerID) VALUES (154, '2025-07-22', 'Save', 17, 30);
INSERT INTO StatEvent (statID, dateTime, statType, eventID, playerID) VALUES (155, '2025-09-02', 'Passes', 25, 5);
INSERT INTO StatEvent (statID, dateTime, statType, eventID, playerID) VALUES (156, '2025-03-22', 'Save', 37, 78);
INSERT INTO StatEvent (statID, dateTime, statType, eventID, playerID) VALUES (157, '2025-08-15', 'Assist', 13, 45);
INSERT INTO StatEvent (statID, dateTime, statType, eventID, playerID) VALUES (158, '2024-12-23', 'Assist', 36, 64);
INSERT INTO StatEvent (statID, dateTime, statType, eventID, playerID) VALUES (159, '2025-04-13', 'Goal', 7, 37);
INSERT INTO StatEvent (statID, dateTime, statType, eventID, playerID) VALUES (160, '2025-02-26', 'Passes', 15, 49);
INSERT INTO StatEvent (statID, dateTime, statType, eventID, playerID) VALUES (161, '2025-09-20', 'Goal', 18, 94);
INSERT INTO StatEvent (statID, dateTime, statType, eventID, playerID) VALUES (162, '2025-06-06', 'Save', 8, 2);
INSERT INTO StatEvent (statID, dateTime, statType, eventID, playerID) VALUES (163, '2024-12-08', 'Passes', 39, 53);
INSERT INTO StatEvent (statID, dateTime, statType, eventID, playerID) VALUES (164, '2025-09-26', 'Passes', 15, 67);
INSERT INTO StatEvent (statID, dateTime, statType, eventID, playerID) VALUES (165, '2025-04-19', 'Assist', 12, 14);
INSERT INTO StatEvent (statID, dateTime, statType, eventID, playerID) VALUES (166, '2025-08-17', 'Goal', 10, 34);
INSERT INTO StatEvent (statID, dateTime, statType, eventID, playerID) VALUES (167, '2025-11-20', 'Assist', 26, 94);
INSERT INTO StatEvent (statID, dateTime, statType, eventID, playerID) VALUES (168, '2024-12-21', 'Passes', 19, 1);
INSERT INTO StatEvent (statID, dateTime, statType, eventID, playerID) VALUES (169, '2025-02-27', 'Assist', 39, 40);
INSERT INTO StatEvent (statID, dateTime, statType, eventID, playerID) VALUES (170, '2025-12-03', 'Goal', 13, 58);
INSERT INTO StatEvent (statID, dateTime, statType, eventID, playerID) VALUES (171, '2025-03-10', 'Assist', 23, 94);
INSERT INTO StatEvent (statID, dateTime, statType, eventID, playerID) VALUES (172, '2025-03-21', 'Assist', 24, 75);
INSERT INTO StatEvent (statID, dateTime, statType, eventID, playerID) VALUES (173, '2025-02-25', 'Passes', 33, 35);
INSERT INTO StatEvent (statID, dateTime, statType, eventID, playerID) VALUES (174, '2025-02-24', 'Passes', 40, 42);
INSERT INTO StatEvent (statID, dateTime, statType, eventID, playerID) VALUES (175, '2025-04-06', 'Goal', 2, 59);
INSERT INTO StatEvent (statID, dateTime, statType, eventID, playerID) VALUES (176, '2025-08-22', 'Passes', 38, 13);
INSERT INTO StatEvent (statID, dateTime, statType, eventID, playerID) VALUES (177, '2025-04-29', 'Save', 24, 41);
INSERT INTO StatEvent (statID, dateTime, statType, eventID, playerID) VALUES (178, '2025-06-26', 'Assist', 9, 17);
INSERT INTO StatEvent (statID, dateTime, statType, eventID, playerID) VALUES (179, '2025-09-12', 'Goal', 32, 47);
INSERT INTO StatEvent (statID, dateTime, statType, eventID, playerID) VALUES (180, '2025-11-14', 'Goal', 3, 5);
INSERT INTO StatEvent (statID, dateTime, statType, eventID, playerID) VALUES (181, '2025-08-16', 'Goal', 21, 11);
INSERT INTO StatEvent (statID, dateTime, statType, eventID, playerID) VALUES (182, '2025-03-31', 'Passes', 5, 53);
INSERT INTO StatEvent (statID, dateTime, statType, eventID, playerID) VALUES (183, '2025-03-31', 'Assist', 11, 26);
INSERT INTO StatEvent (statID, dateTime, statType, eventID, playerID) VALUES (184, '2025-07-02', 'Save', 36, 5);
INSERT INTO StatEvent (statID, dateTime, statType, eventID, playerID) VALUES (185, '2025-03-23', 'Assist', 22, 54);
INSERT INTO StatEvent (statID, dateTime, statType, eventID, playerID) VALUES (186, '2025-01-04', 'Goal', 39, 62);
INSERT INTO StatEvent (statID, dateTime, statType, eventID, playerID) VALUES (187, '2025-03-26', 'Passes', 7, 79);
INSERT INTO StatEvent (statID, dateTime, statType, eventID, playerID) VALUES (188, '2024-12-22', 'Save', 35, 17);
INSERT INTO StatEvent (statID, dateTime, statType, eventID, playerID) VALUES (189, '2025-11-23', 'Passes', 3, 74);
INSERT INTO StatEvent (statID, dateTime, statType, eventID, playerID) VALUES (190, '2025-05-11', 'Save', 8, 77);
INSERT INTO StatEvent (statID, dateTime, statType, eventID, playerID) VALUES (191, '2025-01-22', 'Save', 23, 10);
INSERT INTO StatEvent (statID, dateTime, statType, eventID, playerID) VALUES (192, '2025-01-25', 'Assist', 4, 38);
INSERT INTO StatEvent (statID, dateTime, statType, eventID, playerID) VALUES (193, '2025-01-27', 'Save', 2, 95);
INSERT INTO StatEvent (statID, dateTime, statType, eventID, playerID) VALUES (194, '2025-02-02', 'Goal', 12, 25);
INSERT INTO StatEvent (statID, dateTime, statType, eventID, playerID) VALUES (195, '2025-10-01', 'Assist', 13, 17);
INSERT INTO StatEvent (statID, dateTime, statType, eventID, playerID) VALUES (196, '2025-06-05', 'Save', 25, 23);
INSERT INTO StatEvent (statID, dateTime, statType, eventID, playerID) VALUES (197, '2025-05-01', 'Save', 14, 43);
INSERT INTO StatEvent (statID, dateTime, statType, eventID, playerID) VALUES (198, '2025-02-10', 'Passes', 26, 65);
INSERT INTO StatEvent (statID, dateTime, statType, eventID, playerID) VALUES (199, '2025-10-24', 'Goal', 36, 73);
INSERT INTO StatEvent (statID, dateTime, statType, eventID, playerID) VALUES (200, '2025-07-31', 'Assist', 6, 5);
INSERT INTO StatEvent (statID, dateTime, statType, eventID, playerID) VALUES (201, '2025-10-27', 'Save', 28, 82);
INSERT INTO StatEvent (statID, dateTime, statType, eventID, playerID) VALUES (202, '2025-09-30', 'Goal', 8, 30);
INSERT INTO StatEvent (statID, dateTime, statType, eventID, playerID) VALUES (203, '2025-04-29', 'Goal', 15, 67);
INSERT INTO StatEvent (statID, dateTime, statType, eventID, playerID) VALUES (204, '2025-07-13', 'Goal', 3, 91);
INSERT INTO StatEvent (statID, dateTime, statType, eventID, playerID) VALUES (205, '2025-06-11', 'Assist', 1, 21);
INSERT INTO StatEvent (statID, dateTime, statType, eventID, playerID) VALUES (206, '2025-02-12', 'Goal', 5, 59);
INSERT INTO StatEvent (statID, dateTime, statType, eventID, playerID) VALUES (207, '2025-11-13', 'Save', 21, 90);
INSERT INTO StatEvent (statID, dateTime, statType, eventID, playerID) VALUES (208, '2025-11-27', 'Passes', 34, 58);
INSERT INTO StatEvent (statID, dateTime, statType, eventID, playerID) VALUES (209, '2025-10-04', 'Goal', 39, 78);
INSERT INTO StatEvent (statID, dateTime, statType, eventID, playerID) VALUES (210, '2025-10-30', 'Goal', 28, 71);
INSERT INTO StatEvent (statID, dateTime, statType, eventID, playerID) VALUES (211, '2025-07-26', 'Passes', 1, 43);
INSERT INTO StatEvent (statID, dateTime, statType, eventID, playerID) VALUES (212, '2025-08-10', 'Passes', 24, 16);
INSERT INTO StatEvent (statID, dateTime, statType, eventID, playerID) VALUES (213, '2025-11-18', 'Goal', 6, 96);
INSERT INTO StatEvent (statID, dateTime, statType, eventID, playerID) VALUES (214, '2025-08-18', 'Goal', 33, 89);
INSERT INTO StatEvent (statID, dateTime, statType, eventID, playerID) VALUES (215, '2025-09-09', 'Goal', 14, 28);
INSERT INTO StatEvent (statID, dateTime, statType, eventID, playerID) VALUES (216, '2025-05-14', 'Assist', 32, 2);
INSERT INTO StatEvent (statID, dateTime, statType, eventID, playerID) VALUES (217, '2025-08-04', 'Save', 5, 10);
INSERT INTO StatEvent (statID, dateTime, statType, eventID, playerID) VALUES (218, '2025-05-30', 'Passes', 6, 39);
INSERT INTO StatEvent (statID, dateTime, statType, eventID, playerID) VALUES (219, '2024-12-07', 'Assist', 15, 14);
INSERT INTO StatEvent (statID, dateTime, statType, eventID, playerID) VALUES (220, '2025-07-13', 'Save', 33, 51);
INSERT INTO StatEvent (statID, dateTime, statType, eventID, playerID) VALUES (221, '2025-11-09', 'Save', 18, 59);
INSERT INTO StatEvent (statID, dateTime, statType, eventID, playerID) VALUES (222, '2025-09-04', 'Save', 10, 37);
INSERT INTO StatEvent (statID, dateTime, statType, eventID, playerID) VALUES (223, '2024-12-28', 'Assist', 20, 83);
INSERT INTO StatEvent (statID, dateTime, statType, eventID, playerID) VALUES (224, '2025-10-08', 'Assist', 2, 15);
INSERT INTO StatEvent (statID, dateTime, statType, eventID, playerID) VALUES (225, '2025-04-25', 'Save', 31, 96);
INSERT INTO StatEvent (statID, dateTime, statType, eventID, playerID) VALUES (226, '2025-03-17', 'Passes', 27, 18);
INSERT INTO StatEvent (statID, dateTime, statType, eventID, playerID) VALUES (227, '2024-12-14', 'Goal', 23, 26);
INSERT INTO StatEvent (statID, dateTime, statType, eventID, playerID) VALUES (228, '2025-03-11', 'Goal', 34, 58);
INSERT INTO StatEvent (statID, dateTime, statType, eventID, playerID) VALUES (229, '2025-05-25', 'Assist', 4, 77);
INSERT INTO StatEvent (statID, dateTime, statType, eventID, playerID) VALUES (230, '2025-02-17', 'Passes', 36, 46);
INSERT INTO StatEvent (statID, dateTime, statType, eventID, playerID) VALUES (231, '2025-03-17', 'Passes', 7, 42);
INSERT INTO StatEvent (statID, dateTime, statType, eventID, playerID) VALUES (232, '2025-05-27', 'Goal', 38, 69);
INSERT INTO StatEvent (statID, dateTime, statType, eventID, playerID) VALUES (233, '2025-03-03', 'Save', 25, 95);
INSERT INTO StatEvent (statID, dateTime, statType, eventID, playerID) VALUES (234, '2025-07-02', 'Passes', 35, 32);
INSERT INTO StatEvent (statID, dateTime, statType, eventID, playerID) VALUES (235, '2025-04-26', 'Save', 17, 63);
INSERT INTO StatEvent (statID, dateTime, statType, eventID, playerID) VALUES (236, '2024-12-24', 'Save', 32, 9);
INSERT INTO StatEvent (statID, dateTime, statType, eventID, playerID) VALUES (237, '2024-12-08', 'Assist', 37, 81);
INSERT INTO StatEvent (statID, dateTime, statType, eventID, playerID) VALUES (238, '2025-09-15', 'Passes', 24, 91);
INSERT INTO StatEvent (statID, dateTime, statType, eventID, playerID) VALUES (239, '2025-03-05', 'Save', 3, 52);
INSERT INTO StatEvent (statID, dateTime, statType, eventID, playerID) VALUES (240, '2025-07-30', 'Save', 14, 82);
INSERT INTO StatEvent (statID, dateTime, statType, eventID, playerID) VALUES (241, '2025-05-27', 'Assist', 9, 86);
INSERT INTO StatEvent (statID, dateTime, statType, eventID, playerID) VALUES (242, '2025-09-10', 'Save', 28, 7);
INSERT INTO StatEvent (statID, dateTime, statType, eventID, playerID) VALUES (243, '2025-07-31', 'Save', 26, 25);
INSERT INTO StatEvent (statID, dateTime, statType, eventID, playerID) VALUES (244, '2024-12-29', 'Goal', 30, 50);
INSERT INTO StatEvent (statID, dateTime, statType, eventID, playerID) VALUES (245, '2025-01-17', 'Assist', 19, 75);
INSERT INTO StatEvent (statID, dateTime, statType, eventID, playerID) VALUES (246, '2025-04-22', 'Passes', 11, 94);
INSERT INTO StatEvent (statID, dateTime, statType, eventID, playerID) VALUES (247, '2025-05-15', 'Assist', 22, 38);
INSERT INTO StatEvent (statID, dateTime, statType, eventID, playerID) VALUES (248, '2025-06-21', 'Passes', 39, 41);
INSERT INTO StatEvent (statID, dateTime, statType, eventID, playerID) VALUES (249, '2024-12-09', 'Passes', 40, 44);
INSERT INTO StatEvent (statID, dateTime, statType, eventID, playerID) VALUES (250, '2025-06-20', 'Goal', 16, 27);

-- INSERT statements for Strategy table
-- Source: Strategy.csv
-- Total records: 40

INSERT INTO Strategy (strategyID, formation, coachID) VALUES (1, '4-4-2', 8);
INSERT INTO Strategy (strategyID, formation, coachID) VALUES (2, '4-3-3', 9);
INSERT INTO Strategy (strategyID, formation, coachID) VALUES (3, '4-3-3', 11);
INSERT INTO Strategy (strategyID, formation, coachID) VALUES (4, '4-3-3', 3);
INSERT INTO Strategy (strategyID, formation, coachID) VALUES (5, '4-3-3', 1);
INSERT INTO Strategy (strategyID, formation, coachID) VALUES (6, '4-5-2', 37);
INSERT INTO Strategy (strategyID, formation, coachID) VALUES (7, '4-5-2', 36);
INSERT INTO Strategy (strategyID, formation, coachID) VALUES (8, '4-4-2', 7);
INSERT INTO Strategy (strategyID, formation, coachID) VALUES (9, '4-5-2', 39);
INSERT INTO Strategy (strategyID, formation, coachID) VALUES (10, '4-5-2', 36);
INSERT INTO Strategy (strategyID, formation, coachID) VALUES (11, '4-4-2', 10);
INSERT INTO Strategy (strategyID, formation, coachID) VALUES (12, '4-4-2', 30);
INSERT INTO Strategy (strategyID, formation, coachID) VALUES (13, '4-5-2', 5);
INSERT INTO Strategy (strategyID, formation, coachID) VALUES (14, '4-4-2', 1);
INSERT INTO Strategy (strategyID, formation, coachID) VALUES (15, '4-4-2', 34);
INSERT INTO Strategy (strategyID, formation, coachID) VALUES (16, '4-5-2', 5);
INSERT INTO Strategy (strategyID, formation, coachID) VALUES (17, '4-5-2', 2);
INSERT INTO Strategy (strategyID, formation, coachID) VALUES (18, '4-5-2', 31);
INSERT INTO Strategy (strategyID, formation, coachID) VALUES (19, '4-5-2', 32);
INSERT INTO Strategy (strategyID, formation, coachID) VALUES (20, '4-3-3', 10);
INSERT INTO Strategy (strategyID, formation, coachID) VALUES (21, '4-3-3', 28);
INSERT INTO Strategy (strategyID, formation, coachID) VALUES (22, '4-4-2', 1);
INSERT INTO Strategy (strategyID, formation, coachID) VALUES (23, '4-5-2', 2);
INSERT INTO Strategy (strategyID, formation, coachID) VALUES (24, '4-3-3', 40);
INSERT INTO Strategy (strategyID, formation, coachID) VALUES (25, '4-3-3', 20);
INSERT INTO Strategy (strategyID, formation, coachID) VALUES (26, '4-4-2', 6);
INSERT INTO Strategy (strategyID, formation, coachID) VALUES (27, '4-5-2', 32);
INSERT INTO Strategy (strategyID, formation, coachID) VALUES (28, '4-4-2', 5);
INSERT INTO Strategy (strategyID, formation, coachID) VALUES (29, '4-3-3', 19);
INSERT INTO Strategy (strategyID, formation, coachID) VALUES (30, '4-3-3', 9);
INSERT INTO Strategy (strategyID, formation, coachID) VALUES (31, '4-5-2', 18);
INSERT INTO Strategy (strategyID, formation, coachID) VALUES (32, '4-4-2', 36);
INSERT INTO Strategy (strategyID, formation, coachID) VALUES (33, '4-3-3', 1);
INSERT INTO Strategy (strategyID, formation, coachID) VALUES (34, '4-5-2', 40);
INSERT INTO Strategy (strategyID, formation, coachID) VALUES (35, '4-5-2', 7);
INSERT INTO Strategy (strategyID, formation, coachID) VALUES (36, '4-4-2', 21);
INSERT INTO Strategy (strategyID, formation, coachID) VALUES (37, '4-4-2', 22);
INSERT INTO Strategy (strategyID, formation, coachID) VALUES (38, '4-3-3', 5);
INSERT INTO Strategy (strategyID, formation, coachID) VALUES (39, '4-3-3', 33);
INSERT INTO Strategy (strategyID, formation, coachID) VALUES (40, '4-4-2', 28);

-- INSERT statements for StrategyEvent table
-- Source: StrategyEvent.csv
-- Total records: 150

INSERT IGNORE INTO StrategyEvent (strategyID, eventID, result) VALUES (18, 26, 'DRAW');
INSERT IGNORE INTO StrategyEvent (strategyID, eventID, result) VALUES (40, 14, 'LOSS');
INSERT IGNORE INTO StrategyEvent (strategyID, eventID, result) VALUES (17, 17, 'LOSS');
INSERT IGNORE INTO StrategyEvent (strategyID, eventID, result) VALUES (33, 25, 'WIN');
INSERT IGNORE INTO StrategyEvent (strategyID, eventID, result) VALUES (3, 26, 'WIN');
INSERT IGNORE INTO StrategyEvent (strategyID, eventID, result) VALUES (11, 24, 'WIN');
INSERT IGNORE INTO StrategyEvent (strategyID, eventID, result) VALUES (13, 15, 'LOSS');
INSERT IGNORE INTO StrategyEvent (strategyID, eventID, result) VALUES (17, 37, 'DRAW');
INSERT IGNORE INTO StrategyEvent (strategyID, eventID, result) VALUES (15, 16, 'WIN');
INSERT IGNORE INTO StrategyEvent (strategyID, eventID, result) VALUES (40, 1, 'DRAW');
INSERT IGNORE INTO StrategyEvent (strategyID, eventID, result) VALUES (5, 6, 'LOSS');
INSERT IGNORE INTO StrategyEvent (strategyID, eventID, result) VALUES (22, 27, 'LOSS');
INSERT IGNORE INTO StrategyEvent (strategyID, eventID, result) VALUES (5, 26, 'LOSS');
INSERT IGNORE INTO StrategyEvent (strategyID, eventID, result) VALUES (16, 33, 'WIN');
INSERT IGNORE INTO StrategyEvent (strategyID, eventID, result) VALUES (28, 1, 'WIN');
INSERT IGNORE INTO StrategyEvent (strategyID, eventID, result) VALUES (6, 38, 'DRAW');
INSERT IGNORE INTO StrategyEvent (strategyID, eventID, result) VALUES (27, 28, 'WIN');
INSERT IGNORE INTO StrategyEvent (strategyID, eventID, result) VALUES (31, 13, 'WIN');
INSERT IGNORE INTO StrategyEvent (strategyID, eventID, result) VALUES (16, 27, 'LOSS');
INSERT IGNORE INTO StrategyEvent (strategyID, eventID, result) VALUES (21, 1, 'LOSS');
INSERT IGNORE INTO StrategyEvent (strategyID, eventID, result) VALUES (4, 35, 'LOSS');
INSERT IGNORE INTO StrategyEvent (strategyID, eventID, result) VALUES (31, 32, 'WIN');
INSERT IGNORE INTO StrategyEvent (strategyID, eventID, result) VALUES (9, 9, 'DRAW');
INSERT IGNORE INTO StrategyEvent (strategyID, eventID, result) VALUES (26, 22, 'LOSS');
INSERT IGNORE INTO StrategyEvent (strategyID, eventID, result) VALUES (34, 39, 'LOSS');
INSERT IGNORE INTO StrategyEvent (strategyID, eventID, result) VALUES (5, 5, 'LOSS');
INSERT IGNORE INTO StrategyEvent (strategyID, eventID, result) VALUES (25, 10, 'DRAW');
INSERT IGNORE INTO StrategyEvent (strategyID, eventID, result) VALUES (8, 36, 'WIN');
INSERT IGNORE INTO StrategyEvent (strategyID, eventID, result) VALUES (31, 11, 'LOSS');
INSERT IGNORE INTO StrategyEvent (strategyID, eventID, result) VALUES (23, 18, 'LOSS');
INSERT IGNORE INTO StrategyEvent (strategyID, eventID, result) VALUES (2, 7, 'WIN');
INSERT IGNORE INTO StrategyEvent (strategyID, eventID, result) VALUES (27, 28, 'WIN');
INSERT IGNORE INTO StrategyEvent (strategyID, eventID, result) VALUES (12, 1, 'WIN');
INSERT IGNORE INTO StrategyEvent (strategyID, eventID, result) VALUES (38, 6, 'LOSS');
INSERT IGNORE INTO StrategyEvent (strategyID, eventID, result) VALUES (15, 34, 'DRAW');
INSERT IGNORE INTO StrategyEvent (strategyID, eventID, result) VALUES (13, 27, 'LOSS');
INSERT IGNORE INTO StrategyEvent (strategyID, eventID, result) VALUES (30, 2, 'WIN');
INSERT IGNORE INTO StrategyEvent (strategyID, eventID, result) VALUES (38, 5, 'WIN');
INSERT IGNORE INTO StrategyEvent (strategyID, eventID, result) VALUES (19, 40, 'DRAW');
INSERT IGNORE INTO StrategyEvent (strategyID, eventID, result) VALUES (9, 30, 'WIN');
INSERT IGNORE INTO StrategyEvent (strategyID, eventID, result) VALUES (13, 4, 'WIN');
INSERT IGNORE INTO StrategyEvent (strategyID, eventID, result) VALUES (7, 33, 'LOSS');
INSERT IGNORE INTO StrategyEvent (strategyID, eventID, result) VALUES (26, 14, 'DRAW');
INSERT IGNORE INTO StrategyEvent (strategyID, eventID, result) VALUES (24, 5, 'LOSS');
INSERT IGNORE INTO StrategyEvent (strategyID, eventID, result) VALUES (36, 5, 'DRAW');
INSERT IGNORE INTO StrategyEvent (strategyID, eventID, result) VALUES (39, 20, 'DRAW');
INSERT IGNORE INTO StrategyEvent (strategyID, eventID, result) VALUES (38, 29, 'DRAW');
INSERT IGNORE INTO StrategyEvent (strategyID, eventID, result) VALUES (6, 1, 'LOSS');
INSERT IGNORE INTO StrategyEvent (strategyID, eventID, result) VALUES (5, 18, 'WIN');
INSERT IGNORE INTO StrategyEvent (strategyID, eventID, result) VALUES (12, 37, 'DRAW');
INSERT IGNORE INTO StrategyEvent (strategyID, eventID, result) VALUES (35, 10, 'LOSS');
INSERT IGNORE INTO StrategyEvent (strategyID, eventID, result) VALUES (7, 8, 'WIN');
INSERT IGNORE INTO StrategyEvent (strategyID, eventID, result) VALUES (20, 13, 'DRAW');
INSERT IGNORE INTO StrategyEvent (strategyID, eventID, result) VALUES (10, 19, 'DRAW');
INSERT IGNORE INTO StrategyEvent (strategyID, eventID, result) VALUES (35, 26, 'WIN');
INSERT IGNORE INTO StrategyEvent (strategyID, eventID, result) VALUES (33, 18, 'LOSS');
INSERT IGNORE INTO StrategyEvent (strategyID, eventID, result) VALUES (21, 12, 'WIN');
INSERT IGNORE INTO StrategyEvent (strategyID, eventID, result) VALUES (37, 2, 'WIN');
INSERT IGNORE INTO StrategyEvent (strategyID, eventID, result) VALUES (33, 29, 'LOSS');
INSERT IGNORE INTO StrategyEvent (strategyID, eventID, result) VALUES (26, 17, 'WIN');
INSERT IGNORE INTO StrategyEvent (strategyID, eventID, result) VALUES (6, 9, 'DRAW');
INSERT IGNORE INTO StrategyEvent (strategyID, eventID, result) VALUES (10, 22, 'LOSS');
INSERT IGNORE INTO StrategyEvent (strategyID, eventID, result) VALUES (17, 25, 'WIN');
INSERT IGNORE INTO StrategyEvent (strategyID, eventID, result) VALUES (37, 3, 'WIN');
INSERT IGNORE INTO StrategyEvent (strategyID, eventID, result) VALUES (21, 15, 'DRAW');
INSERT IGNORE INTO StrategyEvent (strategyID, eventID, result) VALUES (28, 22, 'LOSS');
INSERT IGNORE INTO StrategyEvent (strategyID, eventID, result) VALUES (37, 10, 'WIN');
INSERT IGNORE INTO StrategyEvent (strategyID, eventID, result) VALUES (1, 34, 'WIN');
INSERT IGNORE INTO StrategyEvent (strategyID, eventID, result) VALUES (35, 24, 'WIN');
INSERT IGNORE INTO StrategyEvent (strategyID, eventID, result) VALUES (4, 34, 'DRAW');
INSERT IGNORE INTO StrategyEvent (strategyID, eventID, result) VALUES (1, 33, 'DRAW');
INSERT IGNORE INTO StrategyEvent (strategyID, eventID, result) VALUES (8, 17, 'LOSS');
INSERT IGNORE INTO StrategyEvent (strategyID, eventID, result) VALUES (17, 24, 'DRAW');
INSERT IGNORE INTO StrategyEvent (strategyID, eventID, result) VALUES (9, 8, 'WIN');
INSERT IGNORE INTO StrategyEvent (strategyID, eventID, result) VALUES (12, 20, 'LOSS');
INSERT IGNORE INTO StrategyEvent (strategyID, eventID, result) VALUES (11, 37, 'WIN');
INSERT IGNORE INTO StrategyEvent (strategyID, eventID, result) VALUES (20, 34, 'LOSS');
INSERT IGNORE INTO StrategyEvent (strategyID, eventID, result) VALUES (2, 37, 'DRAW');
INSERT IGNORE INTO StrategyEvent (strategyID, eventID, result) VALUES (5, 31, 'LOSS');
INSERT IGNORE INTO StrategyEvent (strategyID, eventID, result) VALUES (24, 28, 'WIN');
INSERT IGNORE INTO StrategyEvent (strategyID, eventID, result) VALUES (12, 16, 'WIN');
INSERT IGNORE INTO StrategyEvent (strategyID, eventID, result) VALUES (24, 11, 'LOSS');
INSERT IGNORE INTO StrategyEvent (strategyID, eventID, result) VALUES (14, 3, 'DRAW');
INSERT IGNORE INTO StrategyEvent (strategyID, eventID, result) VALUES (39, 36, 'DRAW');
INSERT IGNORE INTO StrategyEvent (strategyID, eventID, result) VALUES (25, 32, 'DRAW');
INSERT IGNORE INTO StrategyEvent (strategyID, eventID, result) VALUES (4, 28, 'LOSS');
INSERT IGNORE INTO StrategyEvent (strategyID, eventID, result) VALUES (33, 12, 'LOSS');
INSERT IGNORE INTO StrategyEvent (strategyID, eventID, result) VALUES (26, 30, 'DRAW');
INSERT IGNORE INTO StrategyEvent (strategyID, eventID, result) VALUES (10, 7, 'LOSS');
INSERT IGNORE INTO StrategyEvent (strategyID, eventID, result) VALUES (33, 23, 'WIN');
INSERT IGNORE INTO StrategyEvent (strategyID, eventID, result) VALUES (3, 6, 'LOSS');
INSERT IGNORE INTO StrategyEvent (strategyID, eventID, result) VALUES (21, 38, 'WIN');
INSERT IGNORE INTO StrategyEvent (strategyID, eventID, result) VALUES (36, 34, 'LOSS');
INSERT IGNORE INTO StrategyEvent (strategyID, eventID, result) VALUES (6, 31, 'LOSS');
INSERT IGNORE INTO StrategyEvent (strategyID, eventID, result) VALUES (30, 26, 'LOSS');
INSERT IGNORE INTO StrategyEvent (strategyID, eventID, result) VALUES (22, 4, 'LOSS');
INSERT IGNORE INTO StrategyEvent (strategyID, eventID, result) VALUES (19, 38, 'WIN');
INSERT IGNORE INTO StrategyEvent (strategyID, eventID, result) VALUES (35, 20, 'LOSS');
INSERT IGNORE INTO StrategyEvent (strategyID, eventID, result) VALUES (25, 40, 'LOSS');
INSERT IGNORE INTO StrategyEvent (strategyID, eventID, result) VALUES (6, 26, 'LOSS');
INSERT IGNORE INTO StrategyEvent (strategyID, eventID, result) VALUES (22, 17, 'LOSS');
INSERT IGNORE INTO StrategyEvent (strategyID, eventID, result) VALUES (14, 24, 'WIN');
INSERT IGNORE INTO StrategyEvent (strategyID, eventID, result) VALUES (12, 32, 'DRAW');
INSERT IGNORE INTO StrategyEvent (strategyID, eventID, result) VALUES (1, 13, 'DRAW');
INSERT IGNORE INTO StrategyEvent (strategyID, eventID, result) VALUES (39, 37, 'WIN');
INSERT IGNORE INTO StrategyEvent (strategyID, eventID, result) VALUES (5, 32, 'LOSS');
INSERT IGNORE INTO StrategyEvent (strategyID, eventID, result) VALUES (3, 30, 'DRAW');
INSERT IGNORE INTO StrategyEvent (strategyID, eventID, result) VALUES (34, 40, 'DRAW');
INSERT IGNORE INTO StrategyEvent (strategyID, eventID, result) VALUES (19, 19, 'LOSS');
INSERT IGNORE INTO StrategyEvent (strategyID, eventID, result) VALUES (38, 29, 'DRAW');
INSERT IGNORE INTO StrategyEvent (strategyID, eventID, result) VALUES (18, 15, 'DRAW');
INSERT IGNORE INTO StrategyEvent (strategyID, eventID, result) VALUES (22, 8, 'LOSS');
INSERT IGNORE INTO StrategyEvent (strategyID, eventID, result) VALUES (24, 25, 'WIN');
INSERT IGNORE INTO StrategyEvent (strategyID, eventID, result) VALUES (17, 34, 'DRAW');
INSERT IGNORE INTO StrategyEvent (strategyID, eventID, result) VALUES (21, 7, 'LOSS');
INSERT IGNORE INTO StrategyEvent (strategyID, eventID, result) VALUES (37, 32, 'DRAW');
INSERT IGNORE INTO StrategyEvent (strategyID, eventID, result) VALUES (39, 25, 'WIN');
INSERT IGNORE INTO StrategyEvent (strategyID, eventID, result) VALUES (22, 2, 'DRAW');
INSERT IGNORE INTO StrategyEvent (strategyID, eventID, result) VALUES (14, 21, 'LOSS');
INSERT IGNORE INTO StrategyEvent (strategyID, eventID, result) VALUES (37, 6, 'LOSS');
INSERT IGNORE INTO StrategyEvent (strategyID, eventID, result) VALUES (25, 13, 'LOSS');
INSERT IGNORE INTO StrategyEvent (strategyID, eventID, result) VALUES (27, 30, 'WIN');
INSERT IGNORE INTO StrategyEvent (strategyID, eventID, result) VALUES (7, 12, 'DRAW');
INSERT IGNORE INTO StrategyEvent (strategyID, eventID, result) VALUES (22, 27, 'WIN');
INSERT IGNORE INTO StrategyEvent (strategyID, eventID, result) VALUES (23, 20, 'WIN');
INSERT IGNORE INTO StrategyEvent (strategyID, eventID, result) VALUES (1, 1, 'WIN');
INSERT IGNORE INTO StrategyEvent (strategyID, eventID, result) VALUES (6, 14, 'DRAW');
INSERT IGNORE INTO StrategyEvent (strategyID, eventID, result) VALUES (38, 15, 'WIN');
INSERT IGNORE INTO StrategyEvent (strategyID, eventID, result) VALUES (24, 30, 'DRAW');
INSERT IGNORE INTO StrategyEvent (strategyID, eventID, result) VALUES (14, 17, 'DRAW');
INSERT IGNORE INTO StrategyEvent (strategyID, eventID, result) VALUES (5, 19, 'DRAW');
INSERT IGNORE INTO StrategyEvent (strategyID, eventID, result) VALUES (30, 25, 'DRAW');
INSERT IGNORE INTO StrategyEvent (strategyID, eventID, result) VALUES (35, 6, 'LOSS');
INSERT IGNORE INTO StrategyEvent (strategyID, eventID, result) VALUES (37, 18, 'WIN');
INSERT IGNORE INTO StrategyEvent (strategyID, eventID, result) VALUES (3, 38, 'DRAW');
INSERT IGNORE INTO StrategyEvent (strategyID, eventID, result) VALUES (18, 4, 'DRAW');
INSERT IGNORE INTO StrategyEvent (strategyID, eventID, result) VALUES (22, 36, 'DRAW');
INSERT IGNORE INTO StrategyEvent (strategyID, eventID, result) VALUES (13, 16, 'DRAW');
INSERT IGNORE INTO StrategyEvent (strategyID, eventID, result) VALUES (19, 34, 'LOSS');
INSERT IGNORE INTO StrategyEvent (strategyID, eventID, result) VALUES (39, 29, 'DRAW');
INSERT IGNORE INTO StrategyEvent (strategyID, eventID, result) VALUES (33, 40, 'LOSS');
INSERT IGNORE INTO StrategyEvent (strategyID, eventID, result) VALUES (34, 9, 'LOSS');
INSERT IGNORE INTO StrategyEvent (strategyID, eventID, result) VALUES (7, 35, 'LOSS');
INSERT IGNORE INTO StrategyEvent (strategyID, eventID, result) VALUES (26, 26, 'LOSS');
INSERT IGNORE INTO StrategyEvent (strategyID, eventID, result) VALUES (20, 31, 'DRAW');
INSERT IGNORE INTO StrategyEvent (strategyID, eventID, result) VALUES (32, 22, 'DRAW');
INSERT IGNORE INTO StrategyEvent (strategyID, eventID, result) VALUES (15, 8, 'DRAW');
INSERT IGNORE INTO StrategyEvent (strategyID, eventID, result) VALUES (29, 39, 'WIN');
INSERT IGNORE INTO StrategyEvent (strategyID, eventID, result) VALUES (2, 24, 'LOSS');
INSERT IGNORE INTO StrategyEvent (strategyID, eventID, result) VALUES (8, 13, 'DRAW');
