
-- INSERT statements for Admin table
-- Source: Admin.csv
-- Total records: 40

INSERT INTO Admin (adminID, name, email, phoneNumber, teamID) VALUES (1, 'Larisa Gunthorp', 'lgunthorp0@constantcontact.com', '127-625-6230', 3);
INSERT INTO Admin (adminID, name, email, phoneNumber, teamID) VALUES (2, 'Woody Cochern', 'wcochern1@ustream.tv', '601-670-1710', 3);
INSERT INTO Admin (adminID, name, email, phoneNumber, teamID) VALUES (3, 'Alyse Demcak', 'ademcak2@geocities.jp', '327-242-5688', 4);
INSERT INTO Admin (adminID, name, email, phoneNumber, teamID) VALUES (4, 'Thorvald Blague', 'tblague3@comsenz.com', '891-526-1556', 2);
INSERT INTO Admin (adminID, name, email, phoneNumber, teamID) VALUES (5, 'Joli Grzeszczyk', 'jgrzeszczyk4@geocities.com', '444-986-5013', 5);
INSERT INTO Admin (adminID, name, email, phoneNumber, teamID) VALUES (6, 'Drusi Kendle', 'dkendle5@cnet.com', '558-141-2382', 4);
INSERT INTO Admin (adminID, name, email, phoneNumber, teamID) VALUES (7, 'Carma MacCurley', 'cmaccurley6@last.fm', '816-277-4970', 2);
INSERT INTO Admin (adminID, name, email, phoneNumber, teamID) VALUES (8, 'Antonio Whewill', 'awhewill7@geocities.com', '505-585-8406', 1);
INSERT INTO Admin (adminID, name, email, phoneNumber, teamID) VALUES (9, 'Bamby Goodrich', 'bgoodrich8@nyu.edu', '393-473-3165', 3);
INSERT INTO Admin (adminID, name, email, phoneNumber, teamID) VALUES (10, 'Estella Birtwhistle', 'ebirtwhistle9@loc.gov', '495-140-7974', 2);
INSERT INTO Admin (adminID, name, email, phoneNumber, teamID) VALUES (11, 'Debby Mabone', 'dmabonea@admin.ch', '465-889-4797', 6);
INSERT INTO Admin (adminID, name, email, phoneNumber, teamID) VALUES (12, 'Jacintha Dummett', 'jdummettb@weebly.com', '151-500-2178', 2);
INSERT INTO Admin (adminID, name, email, phoneNumber, teamID) VALUES (13, 'Jozef Sinnock', 'jsinnockc@biblegateway.com', '419-536-0877', 6);
INSERT INTO Admin (adminID, name, email, phoneNumber, teamID) VALUES (14, 'Floyd Winfrey', 'fwinfreyd@comcast.net', '381-463-8690', 2);
INSERT INTO Admin (adminID, name, email, phoneNumber, teamID) VALUES (15, 'Bennie Calton', 'bcaltone@mozilla.org', '461-525-7969', 3);
INSERT INTO Admin (adminID, name, email, phoneNumber, teamID) VALUES (16, 'Eartha Pyne', 'epynef@netscape.com', '277-973-5222', 3);
INSERT INTO Admin (adminID, name, email, phoneNumber, teamID) VALUES (17, 'Chiquia Savatier', 'csavatierg@alexa.com', '577-672-0778', 5);
INSERT INTO Admin (adminID, name, email, phoneNumber, teamID) VALUES (18, 'Antone Sherrin', 'asherrinh@nhs.uk', '571-669-9904', 1);
INSERT INTO Admin (adminID, name, email, phoneNumber, teamID) VALUES (19, 'Annabel Giacoppoli', 'agiacoppolii@networkadvertising.org', '330-920-5576', 2);
INSERT INTO Admin (adminID, name, email, phoneNumber, teamID) VALUES (20, 'Arin Aloshechkin', 'aaloshechkinj@cnbc.com', '285-259-7319', 2);
INSERT INTO Admin (adminID, name, email, phoneNumber, teamID) VALUES (21, 'Doria Berendsen', 'dberendsenk@hubpages.com', '254-200-8914', 4);
INSERT INTO Admin (adminID, name, email, phoneNumber, teamID) VALUES (22, 'Sidnee Radcliffe', 'sradcliffel@ucsd.edu', '895-629-1175', 6);
INSERT INTO Admin (adminID, name, email, phoneNumber, teamID) VALUES (23, 'Daria Brech', 'dbrechm@tinypic.com', '145-409-5017', 5);
INSERT INTO Admin (adminID, name, email, phoneNumber, teamID) VALUES (24, 'Maurizia Hacquel', 'mhacqueln@chron.com', '738-139-6541', 1);
INSERT INTO Admin (adminID, name, email, phoneNumber, teamID) VALUES (25, 'Maritsa Hannum', 'mhannumo@trellian.com', '252-795-2891', 5);
INSERT INTO Admin (adminID, name, email, phoneNumber, teamID) VALUES (26, 'Malena Frude', 'mfrudep@g.co', '722-312-3968', 1);
INSERT INTO Admin (adminID, name, email, phoneNumber, teamID) VALUES (27, 'Iorgos Signore', 'isignoreq@canalblog.com', '968-216-5046', 3);
INSERT INTO Admin (adminID, name, email, phoneNumber, teamID) VALUES (28, 'Gabriel Whittick', 'gwhittickr@typepad.com', '949-220-4983', 4);
INSERT INTO Admin (adminID, name, email, phoneNumber, teamID) VALUES (29, 'Ranice Yoseloff', 'ryoseloffs@nps.gov', '528-618-4263', 5);
INSERT INTO Admin (adminID, name, email, phoneNumber, teamID) VALUES (30, 'Agosto Roddick', 'aroddickt@unicef.org', '344-558-9160', 4);
INSERT INTO Admin (adminID, name, email, phoneNumber, teamID) VALUES (31, 'Boigie Corner', 'bcorneru@omniture.com', '743-560-0268', 3);
INSERT INTO Admin (adminID, name, email, phoneNumber, teamID) VALUES (32, 'Candice Brozsset', 'cbrozssetv@shareasale.com', '508-580-8305', 1);
INSERT INTO Admin (adminID, name, email, phoneNumber, teamID) VALUES (33, 'Ivette Losebie', 'ilosebiew@friendfeed.com', '435-234-9355', 6);
INSERT INTO Admin (adminID, name, email, phoneNumber, teamID) VALUES (34, 'Filippo Liverseege', 'fliverseegex@cnbc.com', '357-659-1944', 5);
INSERT INTO Admin (adminID, name, email, phoneNumber, teamID) VALUES (35, 'Emanuele Moralas', 'emoralasy@alibaba.com', '165-328-3818', 4);
INSERT INTO Admin (adminID, name, email, phoneNumber, teamID) VALUES (36, 'Mercy Underwood', 'munderwoodz@dion.ne.jp', '401-282-7399', 2);
INSERT INTO Admin (adminID, name, email, phoneNumber, teamID) VALUES (37, 'Merola Dowdle', 'mdowdle10@biglobe.ne.jp', '491-739-1801', 3);
INSERT INTO Admin (adminID, name, email, phoneNumber, teamID) VALUES (38, 'Ware Hammon', 'whammon11@multiply.com', '240-643-0015', 3);
INSERT INTO Admin (adminID, name, email, phoneNumber, teamID) VALUES (39, 'Betsey Volcker', 'bvolcker12@statcounter.com', '549-276-4141', 4);
INSERT INTO Admin (adminID, name, email, phoneNumber, teamID) VALUES (40, 'Glyn Ansty', 'gansty13@craigslist.org', '135-158-1890', 2);

-- INSERT statements for Analyst table
-- Source: Analyst.csv
-- Total records: 40

INSERT INTO Analyst (analystID, name, email, phoneNumber, teamID) VALUES (1, 'Nikkie Fuentes', 'nfuentes0@squidoo.com', '805-637-6126', 2);
INSERT INTO Analyst (analystID, name, email, phoneNumber, teamID) VALUES (2, 'Angela Offa', 'aoffa1@latimes.com', '220-214-8216', 4);
INSERT INTO Analyst (analystID, name, email, phoneNumber, teamID) VALUES (3, 'Daffy Yggo', 'dyggo2@vkontakte.ru', '206-911-2929', 1);
INSERT INTO Analyst (analystID, name, email, phoneNumber, teamID) VALUES (4, 'Ilse Torrecilla', 'itorrecilla3@tumblr.com', '210-677-5077', 4);
INSERT INTO Analyst (analystID, name, email, phoneNumber, teamID) VALUES (5, 'Hendrick Haspineall', 'hhaspineall4@independent.co.uk', '400-265-3696', 3);
INSERT INTO Analyst (analystID, name, email, phoneNumber, teamID) VALUES (6, 'Tammi Mably', 'tmably5@geocities.jp', '383-655-2721', 6);
INSERT INTO Analyst (analystID, name, email, phoneNumber, teamID) VALUES (7, 'Carmencita Dunsleve', 'cdunsleve6@eventbrite.com', '957-558-8917', 3);
INSERT INTO Analyst (analystID, name, email, phoneNumber, teamID) VALUES (8, 'Tripp Van Giffen', 'tvan7@google.it', '961-955-8646', 1);
INSERT INTO Analyst (analystID, name, email, phoneNumber, teamID) VALUES (9, 'Jorry Pavluk', 'jpavluk8@uiuc.edu', '368-795-2125', 6);
INSERT INTO Analyst (analystID, name, email, phoneNumber, teamID) VALUES (10, 'Sharl Marskell', 'smarskell9@quantcast.com', '740-459-8802', 2);
INSERT INTO Analyst (analystID, name, email, phoneNumber, teamID) VALUES (11, 'Hasheem Skates', 'hskatesa@imdb.com', '313-196-7700', 1);
INSERT INTO Analyst (analystID, name, email, phoneNumber, teamID) VALUES (12, 'Grenville Finan', 'gfinanb@noaa.gov', '575-844-3701', 1);
INSERT INTO Analyst (analystID, name, email, phoneNumber, teamID) VALUES (13, 'Abbe Levinge', 'alevingec@hatena.ne.jp', '217-402-7130', 2);
INSERT INTO Analyst (analystID, name, email, phoneNumber, teamID) VALUES (14, 'Gale Shurlock', 'gshurlockd@ca.gov', '946-780-0967', 6);
INSERT INTO Analyst (analystID, name, email, phoneNumber, teamID) VALUES (15, 'Leese Brager', 'lbragere@bbb.org', '975-882-1842', 2);
INSERT INTO Analyst (analystID, name, email, phoneNumber, teamID) VALUES (16, 'Aviva Van der Linde', 'avanf@businessweek.com', '471-582-3082', 3);
INSERT INTO Analyst (analystID, name, email, phoneNumber, teamID) VALUES (17, 'Ingra Benterman', 'ibentermang@soundcloud.com', '634-544-7647', 1);
INSERT INTO Analyst (analystID, name, email, phoneNumber, teamID) VALUES (18, 'Devon Laurentino', 'dlaurentinoh@mayoclinic.com', '274-123-8697', 4);
INSERT INTO Analyst (analystID, name, email, phoneNumber, teamID) VALUES (19, 'Devina Mayer', 'dmayeri@wired.com', '778-840-7814', 3);
INSERT INTO Analyst (analystID, name, email, phoneNumber, teamID) VALUES (20, 'Fons Badger', 'fbadgerj@narod.ru', '669-480-5113', 2);
INSERT INTO Analyst (analystID, name, email, phoneNumber, teamID) VALUES (21, 'Orbadiah MacMakin', 'omacmakink@issuu.com', '892-497-0811', 4);
INSERT INTO Analyst (analystID, name, email, phoneNumber, teamID) VALUES (22, 'Karin Jeandeau', 'kjeandeaul@alexa.com', '877-323-0514', 3);
INSERT INTO Analyst (analystID, name, email, phoneNumber, teamID) VALUES (23, 'Kristofor Bischoff', 'kbischoffm@simplemachines.org', '835-623-3438', 2);
INSERT INTO Analyst (analystID, name, email, phoneNumber, teamID) VALUES (24, 'Dunc Diperaus', 'ddiperausn@indiatimes.com', '900-111-0074', 2);
INSERT INTO Analyst (analystID, name, email, phoneNumber, teamID) VALUES (25, 'Kania Jakovijevic', 'kjakovijevico@eventbrite.com', '879-508-6452', 2);
INSERT INTO Analyst (analystID, name, email, phoneNumber, teamID) VALUES (26, 'Enrika Mingay', 'emingayp@state.gov', '592-133-3620', 3);
INSERT INTO Analyst (analystID, name, email, phoneNumber, teamID) VALUES (27, 'Florinda Keywood', 'fkeywoodq@simplemachines.org', '654-294-1062', 3);
INSERT INTO Analyst (analystID, name, email, phoneNumber, teamID) VALUES (28, 'Joela Huggens', 'jhuggensr@google.com.hk', '912-171-4370', 6);
INSERT INTO Analyst (analystID, name, email, phoneNumber, teamID) VALUES (29, 'Peder Scarlett', 'pscarletts@yahoo.com', '815-472-8998', 3);
INSERT INTO Analyst (analystID, name, email, phoneNumber, teamID) VALUES (30, 'Saudra Brozek', 'sbrozekt@nytimes.com', '687-595-6067', 3);
INSERT INTO Analyst (analystID, name, email, phoneNumber, teamID) VALUES (31, 'Lesley Whordley', 'lwhordleyu@techcrunch.com', '662-645-3234', 1);
INSERT INTO Analyst (analystID, name, email, phoneNumber, teamID) VALUES (32, 'Lauretta Sharnock', 'lsharnockv@pagesperso-orange.fr', '803-524-5421', 3);
INSERT INTO Analyst (analystID, name, email, phoneNumber, teamID) VALUES (33, 'Ara Ducroe', 'aducroew@engadget.com', '138-509-7953', 4);
INSERT INTO Analyst (analystID, name, email, phoneNumber, teamID) VALUES (34, 'Newton Hevey', 'nheveyx@uiuc.edu', '521-602-2504', 1);
INSERT INTO Analyst (analystID, name, email, phoneNumber, teamID) VALUES (35, 'Dena Beddow', 'dbeddowy@shutterfly.com', '537-247-9844', 5);
INSERT INTO Analyst (analystID, name, email, phoneNumber, teamID) VALUES (36, 'Tiena Lapthorne', 'tlapthornez@mozilla.org', '813-851-9393', 6);
INSERT INTO Analyst (analystID, name, email, phoneNumber, teamID) VALUES (37, 'Bronnie Fulmen', 'bfulmen10@bing.com', '557-212-2375', 2);
INSERT INTO Analyst (analystID, name, email, phoneNumber, teamID) VALUES (38, 'Madelyn Springer', 'mspringer11@google.es', '386-996-6151', 4);
INSERT INTO Analyst (analystID, name, email, phoneNumber, teamID) VALUES (39, 'Brandyn Stopford', 'bstopford12@altervista.org', '383-890-7385', 2);
INSERT INTO Analyst (analystID, name, email, phoneNumber, teamID) VALUES (40, 'Alyda Melly', 'amelly13@state.tx.us', '743-390-4793', 1);

-- INSERT statements for Coach table
-- Source: Coach.csv
-- Total records: 40

INSERT INTO Coach (coachID, name, email, phoneNumber, teamID) VALUES (1, 'Harper Fryett', 'hfryett0@nationalgeographic.com', '751-492-1941', 1);
INSERT INTO Coach (coachID, name, email, phoneNumber, teamID) VALUES (2, 'Antonin Orsman', 'aorsman1@mac.com', '719-325-7253', 4);
INSERT INTO Coach (coachID, name, email, phoneNumber, teamID) VALUES (3, 'Matelda Whistlecroft', 'mwhistlecroft2@hibu.com', '925-649-7387', 4);
INSERT INTO Coach (coachID, name, email, phoneNumber, teamID) VALUES (4, 'Kippy Canning', 'kcanning3@archive.org', '995-848-8343', 3);
INSERT INTO Coach (coachID, name, email, phoneNumber, teamID) VALUES (5, 'Boone Loos', 'bloos4@technorati.com', '644-692-7081', 4);
INSERT INTO Coach (coachID, name, email, phoneNumber, teamID) VALUES (6, 'Caprice Calbert', 'ccalbert5@livejournal.com', '761-186-7688', 2);
INSERT INTO Coach (coachID, name, email, phoneNumber, teamID) VALUES (7, 'Urbain Tisun', 'utisun6@odnoklassniki.ru', '514-154-0840', 3);
INSERT INTO Coach (coachID, name, email, phoneNumber, teamID) VALUES (8, 'Theodoric Curthoys', 'tcurthoys7@nationalgeographic.com', '379-824-9301', 6);
INSERT INTO Coach (coachID, name, email, phoneNumber, teamID) VALUES (9, 'Rudolfo Broadwood', 'rbroadwood8@sohu.com', '767-948-0905', 2);
INSERT INTO Coach (coachID, name, email, phoneNumber, teamID) VALUES (10, 'Jemie Handforth', 'jhandforth9@imgur.com', '252-684-9740', 4);
INSERT INTO Coach (coachID, name, email, phoneNumber, teamID) VALUES (11, 'Ari Karys', 'akarysa@nymag.com', '405-984-7322', 1);
INSERT INTO Coach (coachID, name, email, phoneNumber, teamID) VALUES (12, 'Ray Sprowell', 'rsprowellb@myspace.com', '574-243-3707', 4);
INSERT INTO Coach (coachID, name, email, phoneNumber, teamID) VALUES (13, 'Dasha Greeves', 'dgreevesc@nyu.edu', '955-279-6271', 4);
INSERT INTO Coach (coachID, name, email, phoneNumber, teamID) VALUES (14, 'Jemmie Boutell', 'jboutelld@walmart.com', '755-323-6576', 5);
INSERT INTO Coach (coachID, name, email, phoneNumber, teamID) VALUES (15, 'Consolata Tincknell', 'ctincknelle@clickbank.net', '773-365-2469', 6);
INSERT INTO Coach (coachID, name, email, phoneNumber, teamID) VALUES (16, 'Ban Duerdin', 'bduerdinf@noaa.gov', '776-371-9395', 5);
INSERT INTO Coach (coachID, name, email, phoneNumber, teamID) VALUES (17, 'Bella Stag', 'bstagg@cmu.edu', '606-932-6824', 3);
INSERT INTO Coach (coachID, name, email, phoneNumber, teamID) VALUES (18, 'Shepard Follan', 'sfollanh@census.gov', '348-346-5901', 1);
INSERT INTO Coach (coachID, name, email, phoneNumber, teamID) VALUES (19, 'Herbie Bergstrand', 'hbergstrandi@virginia.edu', '573-909-1554', 5);
INSERT INTO Coach (coachID, name, email, phoneNumber, teamID) VALUES (20, 'Joy Lippitt', 'jlippittj@ocn.ne.jp', '798-135-6016', 6);
INSERT INTO Coach (coachID, name, email, phoneNumber, teamID) VALUES (21, 'Terrell Rodolf', 'trodolfk@admin.ch', '979-344-0305', 1);
INSERT INTO Coach (coachID, name, email, phoneNumber, teamID) VALUES (22, 'Walker Goldup', 'wgoldupl@jiathis.com', '632-192-5319', 2);
INSERT INTO Coach (coachID, name, email, phoneNumber, teamID) VALUES (23, 'Essa Timeby', 'etimebym@alexa.com', '913-231-2771', 1);
INSERT INTO Coach (coachID, name, email, phoneNumber, teamID) VALUES (24, 'Clevie Clubbe', 'cclubben@nationalgeographic.com', '316-105-5330', 4);
INSERT INTO Coach (coachID, name, email, phoneNumber, teamID) VALUES (25, 'Craig McCartan', 'cmccartano@studiopress.com', '971-555-0117', 2);
INSERT INTO Coach (coachID, name, email, phoneNumber, teamID) VALUES (26, 'Yard Weich', 'yweichp@ow.ly', '194-863-8837', 5);
INSERT INTO Coach (coachID, name, email, phoneNumber, teamID) VALUES (27, 'Lilah Buxam', 'lbuxamq@accuweather.com', '836-698-5028', 2);
INSERT INTO Coach (coachID, name, email, phoneNumber, teamID) VALUES (28, 'Bernita Ahern', 'bahernr@dmoz.org', '815-386-7119', 6);
INSERT INTO Coach (coachID, name, email, phoneNumber, teamID) VALUES (29, 'Verene Milesop', 'vmilesops@epa.gov', '361-578-5305', 4);
INSERT INTO Coach (coachID, name, email, phoneNumber, teamID) VALUES (30, 'Brittne Fernandez', 'bfernandezt@booking.com', '721-694-8287', 1);
INSERT INTO Coach (coachID, name, email, phoneNumber, teamID) VALUES (31, 'Nestor McGovern', 'nmcgovernu@oakley.com', '810-458-0928', 6);
INSERT INTO Coach (coachID, name, email, phoneNumber, teamID) VALUES (32, 'Fidel Quakley', 'fquakleyv@smh.com.au', '116-300-0476', 3);
INSERT INTO Coach (coachID, name, email, phoneNumber, teamID) VALUES (33, 'Cindelyn Bockman', 'cbockmanw@weebly.com', '147-962-4531', 2);
INSERT INTO Coach (coachID, name, email, phoneNumber, teamID) VALUES (34, 'Pasquale Cockerell', 'pcockerellx@pinterest.com', '625-885-7440', 5);
INSERT INTO Coach (coachID, name, email, phoneNumber, teamID) VALUES (35, 'Erin Linny', 'elinnyy@washingtonpost.com', '848-470-5536', 1);
INSERT INTO Coach (coachID, name, email, phoneNumber, teamID) VALUES (36, 'Tildie Blackstock', 'tblackstockz@fda.gov', '699-859-8600', 4);
INSERT INTO Coach (coachID, name, email, phoneNumber, teamID) VALUES (37, 'Alfred Liveing', 'aliveing10@mapquest.com', '311-296-4257', 6);
INSERT INTO Coach (coachID, name, email, phoneNumber, teamID) VALUES (38, 'Libbey Kinforth', 'lkinforth11@nasa.gov', '565-123-4151', 6);
INSERT INTO Coach (coachID, name, email, phoneNumber, teamID) VALUES (39, 'Audy Perazzo', 'aperazzo12@360.cn', '172-395-3426', 4);
INSERT INTO Coach (coachID, name, email, phoneNumber, teamID) VALUES (40, 'Sterling Andriesse', 'sandriesse13@bandcamp.com', '183-975-5982', 3);

-- INSERT statements for Comment table
-- Source: Comment.csv
-- Total records: 200

INSERT INTO Comment (commentID, text, dateTime, commenterID, targetID) VALUES (1, 'Proin risus. Praesent lectus. Vestibulum quam sapien, varius ut, blandit non, interdum in, ante. Vestibulum ante ipsum primis in faucibus orci luctus et ultrices posuere cubilia Curae; Duis faucibus accumsan odio. Curabitur convallis. Duis consequat dui nec nisi volutpat eleifend. Donec ut dolor. Morbi vel lectus in quam fringilla rhoncus.', '10/1/2025', 33, 10);
INSERT INTO Comment (commentID, text, dateTime, commenterID, targetID) VALUES (2, 'Quisque ut erat. Curabitur gravida nisi at nibh. In hac habitasse platea dictumst. Aliquam augue quam, sollicitudin vitae, consectetuer eget, rutrum at, lorem. Integer tincidunt ante vel ipsum.', '7/27/2025', 11, 42);
INSERT INTO Comment (commentID, text, dateTime, commenterID, targetID) VALUES (3, 'Integer ac leo. Pellentesque ultrices mattis odio. Donec vitae nisi. Nam ultrices, libero non mattis pulvinar, nulla pede ullamcorper augue, a suscipit nulla elit ac nulla. Sed vel enim sit amet nunc viverra dapibus. Nulla suscipit ligula in lacus. Curabitur at ipsum ac tellus semper interdum. Mauris ullamcorper purus sit amet nulla.', '3/29/2025', 25, 6);
INSERT INTO Comment (commentID, text, dateTime, commenterID, targetID) VALUES (4, 'Mauris lacinia sapien quis libero.', '11/15/2025', 1, 23);
INSERT INTO Comment (commentID, text, dateTime, commenterID, targetID) VALUES (5, 'Vivamus metus arcu, adipiscing molestie, hendrerit at, vulputate vitae, nisl.', '1/29/2025', 36, 32);
INSERT INTO Comment (commentID, text, dateTime, commenterID, targetID) VALUES (6, 'In eleifend quam a odio.', '9/18/2025', 21, 35);
INSERT INTO Comment (commentID, text, dateTime, commenterID, targetID) VALUES (7, 'Duis aliquam convallis nunc.', '1/13/2025', 30, 9);
INSERT INTO Comment (commentID, text, dateTime, commenterID, targetID) VALUES (8, 'Vestibulum ac est lacinia nisi venenatis tristique. Fusce congue, diam id ornare imperdiet, sapien urna pretium nisl, ut volutpat sapien arcu sed augue.', '6/24/2025', 16, 4);
INSERT INTO Comment (commentID, text, dateTime, commenterID, targetID) VALUES (9, 'In eleifend quam a odio. In hac habitasse platea dictumst. Maecenas ut massa quis augue luctus tincidunt. Nulla mollis molestie lorem. Quisque ut erat. Curabitur gravida nisi at nibh. In hac habitasse platea dictumst.', '12/20/2024', 9, 39);
INSERT INTO Comment (commentID, text, dateTime, commenterID, targetID) VALUES (10, 'Aenean lectus. Pellentesque eget nunc. Donec quis orci eget orci vehicula condimentum. Curabitur in libero ut massa volutpat convallis. Morbi odio odio, elementum eu, interdum eu, tincidunt in, leo. Maecenas pulvinar lobortis est. Phasellus sit amet erat. Nulla tempus.', '8/25/2025', 2, 32);
INSERT INTO Comment (commentID, text, dateTime, commenterID, targetID) VALUES (11, 'Aenean fermentum. Donec ut mauris eget massa tempor convallis. Nulla neque libero, convallis eget, eleifend luctus, ultricies eu, nibh. Quisque id justo sit amet sapien dignissim vestibulum.', '7/11/2025', 36, 20);
INSERT INTO Comment (commentID, text, dateTime, commenterID, targetID) VALUES (12, 'Donec ut mauris eget massa tempor convallis. Nulla neque libero, convallis eget, eleifend luctus, ultricies eu, nibh. Quisque id justo sit amet sapien dignissim vestibulum. Vestibulum ante ipsum primis in faucibus orci luctus et ultrices posuere cubilia Curae; Nulla dapibus dolor vel est. Donec odio justo, sollicitudin ut, suscipit a, feugiat et, eros.', '3/1/2025', 37, 33);
INSERT INTO Comment (commentID, text, dateTime, commenterID, targetID) VALUES (13, 'Aenean auctor gravida sem. Praesent id massa id nisl venenatis lacinia. Aenean sit amet justo.', '1/18/2025', 28, 6);
INSERT INTO Comment (commentID, text, dateTime, commenterID, targetID) VALUES (14, 'Curabitur in libero ut massa volutpat convallis. Morbi odio odio, elementum eu, interdum eu, tincidunt in, leo. Maecenas pulvinar lobortis est. Phasellus sit amet erat. Nulla tempus.', '7/3/2025', 14, 30);
INSERT INTO Comment (commentID, text, dateTime, commenterID, targetID) VALUES (15, 'In est risus, auctor sed, tristique in, tempus sit amet, sem.', '3/8/2025', 26, 5);
INSERT INTO Comment (commentID, text, dateTime, commenterID, targetID) VALUES (16, 'Curabitur in libero ut massa volutpat convallis. Morbi odio odio, elementum eu, interdum eu, tincidunt in, leo. Maecenas pulvinar lobortis est. Phasellus sit amet erat. Nulla tempus. Vivamus in felis eu sapien cursus vestibulum.', '5/17/2025', 35, 10);
INSERT INTO Comment (commentID, text, dateTime, commenterID, targetID) VALUES (17, 'Morbi sem mauris, laoreet ut, rhoncus aliquet, pulvinar sed, nisl. Nunc rhoncus dui vel sem. Sed sagittis.', '7/12/2025', 22, 32);
INSERT INTO Comment (commentID, text, dateTime, commenterID, targetID) VALUES (18, 'Maecenas leo odio, condimentum id, luctus nec, molestie sed, justo. Pellentesque viverra pede ac diam. Cras pellentesque volutpat dui. Maecenas tristique, est et tempus semper, est quam pharetra magna, ac consequat metus sapien ut nunc. Vestibulum ante ipsum primis in faucibus orci luctus et ultrices posuere cubilia Curae; Mauris viverra diam vitae quam. Suspendisse potenti. Nullam porttitor lacus at turpis. Donec posuere metus vitae ipsum. Aliquam non mauris. Morbi non lectus.', '3/7/2025', 19, 13);
INSERT INTO Comment (commentID, text, dateTime, commenterID, targetID) VALUES (19, 'Nam congue, risus semper porta volutpat, quam pede lobortis ligula, sit amet eleifend pede libero quis orci. Nullam molestie nibh in lectus. Pellentesque at nulla. Suspendisse potenti. Cras in purus eu magna vulputate luctus. Cum sociis natoque penatibus et magnis dis parturient montes, nascetur ridiculus mus. Vivamus vestibulum sagittis sapien. Cum sociis natoque penatibus et magnis dis parturient montes, nascetur ridiculus mus. Etiam vel augue. Vestibulum rutrum rutrum neque.', '2/23/2025', 15, 7);
INSERT INTO Comment (commentID, text, dateTime, commenterID, targetID) VALUES (20, 'Praesent blandit. Nam nulla. Integer pede justo, lacinia eget, tincidunt eget, tempus vel, pede. Morbi porttitor lorem id ligula. Suspendisse ornare consequat lectus. In est risus, auctor sed, tristique in, tempus sit amet, sem. Fusce consequat. Nulla nisl.', '6/7/2025', 6, 19);
INSERT INTO Comment (commentID, text, dateTime, commenterID, targetID) VALUES (21, 'Nullam varius. Nulla facilisi. Cras non velit nec nisi vulputate nonummy. Maecenas tincidunt lacus at velit.', '12/20/2024', 36, 43);
INSERT INTO Comment (commentID, text, dateTime, commenterID, targetID) VALUES (22, 'Phasellus id sapien in sapien iaculis congue. Vivamus metus arcu, adipiscing molestie, hendrerit at, vulputate vitae, nisl. Aenean lectus. Pellentesque eget nunc. Donec quis orci eget orci vehicula condimentum. Curabitur in libero ut massa volutpat convallis. Morbi odio odio, elementum eu, interdum eu, tincidunt in, leo.', '8/3/2025', 20, 6);
INSERT INTO Comment (commentID, text, dateTime, commenterID, targetID) VALUES (23, 'Proin eu mi. Nulla ac enim. In tempor, turpis nec euismod scelerisque, quam turpis adipiscing lorem, vitae mattis nibh ligula nec sem. Duis aliquam convallis nunc. Proin at turpis a pede posuere nonummy.', '8/19/2025', 10, 12);
INSERT INTO Comment (commentID, text, dateTime, commenterID, targetID) VALUES (24, 'Duis bibendum, felis sed interdum venenatis, turpis enim blandit mi, in porttitor pede justo eu massa. Donec dapibus. Duis at velit eu est congue elementum. In hac habitasse platea dictumst. Morbi vestibulum, velit id pretium iaculis, diam erat fermentum justo, nec condimentum neque sapien placerat ante. Nulla justo.', '10/19/2025', 12, 42);
INSERT INTO Comment (commentID, text, dateTime, commenterID, targetID) VALUES (25, 'Donec semper sapien a libero. Nam dui. Proin leo odio, porttitor id, consequat in, consequat ut, nulla. Sed accumsan felis. Ut at dolor quis odio consequat varius. Integer ac leo. Pellentesque ultrices mattis odio.', '7/28/2025', 6, 48);
INSERT INTO Comment (commentID, text, dateTime, commenterID, targetID) VALUES (26, 'Integer non velit. Donec diam neque, vestibulum eget, vulputate ut, ultrices vel, augue. Vestibulum ante ipsum primis in faucibus orci luctus et ultrices posuere cubilia Curae; Donec pharetra, magna vestibulum aliquet ultrices, erat tortor sollicitudin mi, sit amet lobortis sapien sapien non mi. Integer ac neque. Duis bibendum.', '11/7/2025', 22, 7);
INSERT INTO Comment (commentID, text, dateTime, commenterID, targetID) VALUES (27, 'Duis aliquam convallis nunc. Proin at turpis a pede posuere nonummy. Integer non velit.', '5/20/2025', 26, 6);
INSERT INTO Comment (commentID, text, dateTime, commenterID, targetID) VALUES (28, 'Donec ut dolor. Morbi vel lectus in quam fringilla rhoncus. Mauris enim leo, rhoncus sed, vestibulum sit amet, cursus id, turpis. Integer aliquet, massa id lobortis convallis, tortor risus dapibus augue, vel accumsan tellus nisi eu orci. Mauris lacinia sapien quis libero.', '1/1/2025', 24, 16);
INSERT INTO Comment (commentID, text, dateTime, commenterID, targetID) VALUES (29, 'Aenean auctor gravida sem. Praesent id massa id nisl venenatis lacinia. Aenean sit amet justo. Morbi ut odio. Cras mi pede, malesuada in, imperdiet et, commodo vulputate, justo. In blandit ultrices enim. Lorem ipsum dolor sit amet, consectetuer adipiscing elit. Proin interdum mauris non ligula pellentesque ultrices. Phasellus id sapien in sapien iaculis congue.', '8/27/2025', 30, 25);
INSERT INTO Comment (commentID, text, dateTime, commenterID, targetID) VALUES (30, 'In eleifend quam a odio. In hac habitasse platea dictumst. Maecenas ut massa quis augue luctus tincidunt. Nulla mollis molestie lorem. Quisque ut erat. Curabitur gravida nisi at nibh.', '4/11/2025', 18, 28);
INSERT INTO Comment (commentID, text, dateTime, commenterID, targetID) VALUES (31, 'Aenean auctor gravida sem. Praesent id massa id nisl venenatis lacinia. Aenean sit amet justo. Morbi ut odio. Cras mi pede, malesuada in, imperdiet et, commodo vulputate, justo. In blandit ultrices enim. Lorem ipsum dolor sit amet, consectetuer adipiscing elit. Proin interdum mauris non ligula pellentesque ultrices. Phasellus id sapien in sapien iaculis congue.', '11/20/2025', 2, 8);
INSERT INTO Comment (commentID, text, dateTime, commenterID, targetID) VALUES (32, 'In hac habitasse platea dictumst. Etiam faucibus cursus urna. Ut tellus. Nulla ut erat id mauris vulputate elementum.', '3/19/2025', 25, 19);
INSERT INTO Comment (commentID, text, dateTime, commenterID, targetID) VALUES (33, 'Vivamus metus arcu, adipiscing molestie, hendrerit at, vulputate vitae, nisl.', '9/26/2025', 24, 36);
INSERT INTO Comment (commentID, text, dateTime, commenterID, targetID) VALUES (34, 'In eleifend quam a odio. In hac habitasse platea dictumst. Maecenas ut massa quis augue luctus tincidunt. Nulla mollis molestie lorem. Quisque ut erat. Curabitur gravida nisi at nibh.', '6/3/2025', 33, 15);
INSERT INTO Comment (commentID, text, dateTime, commenterID, targetID) VALUES (35, 'Integer non velit. Donec diam neque, vestibulum eget, vulputate ut, ultrices vel, augue. Vestibulum ante ipsum primis in faucibus orci luctus et ultrices posuere cubilia Curae; Donec pharetra, magna vestibulum aliquet ultrices, erat tortor sollicitudin mi, sit amet lobortis sapien sapien non mi. Integer ac neque. Duis bibendum. Morbi non quam nec dui luctus rutrum.', '3/29/2025', 9, 32);
INSERT INTO Comment (commentID, text, dateTime, commenterID, targetID) VALUES (36, 'Phasellus sit amet erat. Nulla tempus. Vivamus in felis eu sapien cursus vestibulum. Proin eu mi. Nulla ac enim. In tempor, turpis nec euismod scelerisque, quam turpis adipiscing lorem, vitae mattis nibh ligula nec sem.', '3/13/2025', 19, 25);
INSERT INTO Comment (commentID, text, dateTime, commenterID, targetID) VALUES (37, 'Nam nulla. Integer pede justo, lacinia eget, tincidunt eget, tempus vel, pede. Morbi porttitor lorem id ligula. Suspendisse ornare consequat lectus. In est risus, auctor sed, tristique in, tempus sit amet, sem. Fusce consequat. Nulla nisl.', '10/3/2025', 37, 32);
INSERT INTO Comment (commentID, text, dateTime, commenterID, targetID) VALUES (38, 'Donec posuere metus vitae ipsum. Aliquam non mauris. Morbi non lectus. Aliquam sit amet diam in magna bibendum imperdiet. Nullam orci pede, venenatis non, sodales sed, tincidunt eu, felis. Fusce posuere felis sed lacus. Morbi sem mauris, laoreet ut, rhoncus aliquet, pulvinar sed, nisl.', '9/24/2025', 9, 36);
INSERT INTO Comment (commentID, text, dateTime, commenterID, targetID) VALUES (39, 'Nullam orci pede, venenatis non, sodales sed, tincidunt eu, felis. Fusce posuere felis sed lacus. Morbi sem mauris, laoreet ut, rhoncus aliquet, pulvinar sed, nisl. Nunc rhoncus dui vel sem. Sed sagittis. Nam congue, risus semper porta volutpat, quam pede lobortis ligula, sit amet eleifend pede libero quis orci. Nullam molestie nibh in lectus. Pellentesque at nulla. Suspendisse potenti.', '12/31/2024', 7, 27);
INSERT INTO Comment (commentID, text, dateTime, commenterID, targetID) VALUES (40, 'Morbi sem mauris, laoreet ut, rhoncus aliquet, pulvinar sed, nisl. Nunc rhoncus dui vel sem. Sed sagittis. Nam congue, risus semper porta volutpat, quam pede lobortis ligula, sit amet eleifend pede libero quis orci. Nullam molestie nibh in lectus. Pellentesque at nulla.', '6/11/2025', 4, 4);
INSERT INTO Comment (commentID, text, dateTime, commenterID, targetID) VALUES (41, 'Morbi a ipsum. Integer a nibh. In quis justo. Maecenas rhoncus aliquam lacus. Morbi quis tortor id nulla ultrices aliquet.', '7/31/2025', 39, 26);
INSERT INTO Comment (commentID, text, dateTime, commenterID, targetID) VALUES (42, 'Vivamus vestibulum sagittis sapien. Cum sociis natoque penatibus et magnis dis parturient montes, nascetur ridiculus mus. Etiam vel augue. Vestibulum rutrum rutrum neque. Aenean auctor gravida sem. Praesent id massa id nisl venenatis lacinia.', '12/3/2025', 29, 11);
INSERT INTO Comment (commentID, text, dateTime, commenterID, targetID) VALUES (43, 'Vivamus metus arcu, adipiscing molestie, hendrerit at, vulputate vitae, nisl. Aenean lectus.', '2/16/2025', 12, 20);
INSERT INTO Comment (commentID, text, dateTime, commenterID, targetID) VALUES (44, 'Duis at velit eu est congue elementum. In hac habitasse platea dictumst. Morbi vestibulum, velit id pretium iaculis, diam erat fermentum justo, nec condimentum neque sapien placerat ante. Nulla justo. Aliquam quis turpis eget elit sodales scelerisque. Mauris sit amet eros.', '8/27/2025', 35, 15);
INSERT INTO Comment (commentID, text, dateTime, commenterID, targetID) VALUES (45, 'Donec ut mauris eget massa tempor convallis. Nulla neque libero, convallis eget, eleifend luctus, ultricies eu, nibh. Quisque id justo sit amet sapien dignissim vestibulum. Vestibulum ante ipsum primis in faucibus orci luctus et ultrices posuere cubilia Curae; Nulla dapibus dolor vel est. Donec odio justo, sollicitudin ut, suscipit a, feugiat et, eros. Vestibulum ac est lacinia nisi venenatis tristique. Fusce congue, diam id ornare imperdiet, sapien urna pretium nisl, ut volutpat sapien arcu sed augue. Aliquam erat volutpat. In congue. Etiam justo.', '11/19/2025', 22, 46);
INSERT INTO Comment (commentID, text, dateTime, commenterID, targetID) VALUES (46, 'Morbi non quam nec dui luctus rutrum. Nulla tellus. In sagittis dui vel nisl. Duis ac nibh. Fusce lacus purus, aliquet at, feugiat non, pretium quis, lectus. Suspendisse potenti. In eleifend quam a odio. In hac habitasse platea dictumst. Maecenas ut massa quis augue luctus tincidunt.', '6/11/2025', 37, 23);
INSERT INTO Comment (commentID, text, dateTime, commenterID, targetID) VALUES (47, 'Quisque ut erat. Curabitur gravida nisi at nibh. In hac habitasse platea dictumst. Aliquam augue quam, sollicitudin vitae, consectetuer eget, rutrum at, lorem.', '12/15/2024', 3, 1);
INSERT INTO Comment (commentID, text, dateTime, commenterID, targetID) VALUES (48, 'Cum sociis natoque penatibus et magnis dis parturient montes, nascetur ridiculus mus. Vivamus vestibulum sagittis sapien. Cum sociis natoque penatibus et magnis dis parturient montes, nascetur ridiculus mus. Etiam vel augue. Vestibulum rutrum rutrum neque. Aenean auctor gravida sem. Praesent id massa id nisl venenatis lacinia. Aenean sit amet justo. Morbi ut odio. Cras mi pede, malesuada in, imperdiet et, commodo vulputate, justo.', '10/5/2025', 33, 3);
INSERT INTO Comment (commentID, text, dateTime, commenterID, targetID) VALUES (49, 'Vivamus vel nulla eget eros elementum pellentesque. Quisque porta volutpat erat. Quisque erat eros, viverra eget, congue eget, semper rutrum, nulla. Nunc purus. Phasellus in felis.', '2/12/2025', 14, 30);
INSERT INTO Comment (commentID, text, dateTime, commenterID, targetID) VALUES (50, 'Aenean lectus. Pellentesque eget nunc. Donec quis orci eget orci vehicula condimentum. Curabitur in libero ut massa volutpat convallis. Morbi odio odio, elementum eu, interdum eu, tincidunt in, leo. Maecenas pulvinar lobortis est. Phasellus sit amet erat. Nulla tempus. Vivamus in felis eu sapien cursus vestibulum.', '2/27/2025', 38, 20);
INSERT INTO Comment (commentID, text, dateTime, commenterID, targetID) VALUES (51, 'Integer ac neque. Duis bibendum. Morbi non quam nec dui luctus rutrum.', '12/3/2025', 1, 39);
INSERT INTO Comment (commentID, text, dateTime, commenterID, targetID) VALUES (52, 'Pellentesque ultrices mattis odio. Donec vitae nisi. Nam ultrices, libero non mattis pulvinar, nulla pede ullamcorper augue, a suscipit nulla elit ac nulla. Sed vel enim sit amet nunc viverra dapibus. Nulla suscipit ligula in lacus. Curabitur at ipsum ac tellus semper interdum. Mauris ullamcorper purus sit amet nulla. Quisque arcu libero, rutrum ac, lobortis vel, dapibus at, diam.', '11/10/2025', 33, 48);
INSERT INTO Comment (commentID, text, dateTime, commenterID, targetID) VALUES (53, 'Pellentesque eget nunc. Donec quis orci eget orci vehicula condimentum.', '10/20/2025', 27, 18);
INSERT INTO Comment (commentID, text, dateTime, commenterID, targetID) VALUES (54, 'Cras non velit nec nisi vulputate nonummy. Maecenas tincidunt lacus at velit. Vivamus vel nulla eget eros elementum pellentesque. Quisque porta volutpat erat. Quisque erat eros, viverra eget, congue eget, semper rutrum, nulla. Nunc purus. Phasellus in felis. Donec semper sapien a libero.', '3/28/2025', 6, 1);
INSERT INTO Comment (commentID, text, dateTime, commenterID, targetID) VALUES (55, 'Phasellus in felis. Donec semper sapien a libero. Nam dui.', '1/20/2025', 13, 12);
INSERT INTO Comment (commentID, text, dateTime, commenterID, targetID) VALUES (56, 'Cum sociis natoque penatibus et magnis dis parturient montes, nascetur ridiculus mus.', '2/3/2025', 32, 45);
INSERT INTO Comment (commentID, text, dateTime, commenterID, targetID) VALUES (57, 'Nulla mollis molestie lorem. Quisque ut erat. Curabitur gravida nisi at nibh. In hac habitasse platea dictumst.', '2/2/2025', 40, 23);
INSERT INTO Comment (commentID, text, dateTime, commenterID, targetID) VALUES (58, 'Proin interdum mauris non ligula pellentesque ultrices. Phasellus id sapien in sapien iaculis congue. Vivamus metus arcu, adipiscing molestie, hendrerit at, vulputate vitae, nisl. Aenean lectus. Pellentesque eget nunc. Donec quis orci eget orci vehicula condimentum. Curabitur in libero ut massa volutpat convallis.', '8/20/2025', 35, 18);
INSERT INTO Comment (commentID, text, dateTime, commenterID, targetID) VALUES (59, 'Proin at turpis a pede posuere nonummy. Integer non velit.', '5/15/2025', 6, 4);
INSERT INTO Comment (commentID, text, dateTime, commenterID, targetID) VALUES (60, 'Curabitur gravida nisi at nibh. In hac habitasse platea dictumst. Aliquam augue quam, sollicitudin vitae, consectetuer eget, rutrum at, lorem. Integer tincidunt ante vel ipsum. Praesent blandit lacinia erat. Vestibulum sed magna at nunc commodo placerat. Praesent blandit. Nam nulla. Integer pede justo, lacinia eget, tincidunt eget, tempus vel, pede.', '8/15/2025', 30, 39);
INSERT INTO Comment (commentID, text, dateTime, commenterID, targetID) VALUES (61, 'Vestibulum ante ipsum primis in faucibus orci luctus et ultrices posuere cubilia Curae; Duis faucibus accumsan odio. Curabitur convallis. Duis consequat dui nec nisi volutpat eleifend. Donec ut dolor. Morbi vel lectus in quam fringilla rhoncus. Mauris enim leo, rhoncus sed, vestibulum sit amet, cursus id, turpis. Integer aliquet, massa id lobortis convallis, tortor risus dapibus augue, vel accumsan tellus nisi eu orci.', '4/10/2025', 13, 24);
INSERT INTO Comment (commentID, text, dateTime, commenterID, targetID) VALUES (62, 'Lorem ipsum dolor sit amet, consectetuer adipiscing elit. Proin interdum mauris non ligula pellentesque ultrices. Phasellus id sapien in sapien iaculis congue. Vivamus metus arcu, adipiscing molestie, hendrerit at, vulputate vitae, nisl.', '5/22/2025', 6, 23);
INSERT INTO Comment (commentID, text, dateTime, commenterID, targetID) VALUES (63, 'Nullam orci pede, venenatis non, sodales sed, tincidunt eu, felis. Fusce posuere felis sed lacus. Morbi sem mauris, laoreet ut, rhoncus aliquet, pulvinar sed, nisl. Nunc rhoncus dui vel sem. Sed sagittis. Nam congue, risus semper porta volutpat, quam pede lobortis ligula, sit amet eleifend pede libero quis orci. Nullam molestie nibh in lectus. Pellentesque at nulla. Suspendisse potenti. Cras in purus eu magna vulputate luctus.', '6/16/2025', 36, 20);
INSERT INTO Comment (commentID, text, dateTime, commenterID, targetID) VALUES (64, 'Cras mi pede, malesuada in, imperdiet et, commodo vulputate, justo. In blandit ultrices enim. Lorem ipsum dolor sit amet, consectetuer adipiscing elit. Proin interdum mauris non ligula pellentesque ultrices. Phasellus id sapien in sapien iaculis congue.', '9/30/2025', 19, 37);
INSERT INTO Comment (commentID, text, dateTime, commenterID, targetID) VALUES (65, 'Donec posuere metus vitae ipsum. Aliquam non mauris. Morbi non lectus. Aliquam sit amet diam in magna bibendum imperdiet. Nullam orci pede, venenatis non, sodales sed, tincidunt eu, felis. Fusce posuere felis sed lacus.', '10/3/2025', 34, 34);
INSERT INTO Comment (commentID, text, dateTime, commenterID, targetID) VALUES (66, 'Etiam pretium iaculis justo. In hac habitasse platea dictumst. Etiam faucibus cursus urna. Ut tellus. Nulla ut erat id mauris vulputate elementum. Nullam varius. Nulla facilisi. Cras non velit nec nisi vulputate nonummy. Maecenas tincidunt lacus at velit.', '3/6/2025', 38, 44);
INSERT INTO Comment (commentID, text, dateTime, commenterID, targetID) VALUES (67, 'Ut at dolor quis odio consequat varius. Integer ac leo. Pellentesque ultrices mattis odio. Donec vitae nisi. Nam ultrices, libero non mattis pulvinar, nulla pede ullamcorper augue, a suscipit nulla elit ac nulla. Sed vel enim sit amet nunc viverra dapibus. Nulla suscipit ligula in lacus.', '2/7/2025', 3, 14);
INSERT INTO Comment (commentID, text, dateTime, commenterID, targetID) VALUES (68, 'Aliquam augue quam, sollicitudin vitae, consectetuer eget, rutrum at, lorem. Integer tincidunt ante vel ipsum. Praesent blandit lacinia erat. Vestibulum sed magna at nunc commodo placerat. Praesent blandit. Nam nulla. Integer pede justo, lacinia eget, tincidunt eget, tempus vel, pede. Morbi porttitor lorem id ligula.', '1/8/2025', 39, 30);
INSERT INTO Comment (commentID, text, dateTime, commenterID, targetID) VALUES (69, 'Fusce consequat. Nulla nisl. Nunc nisl. Duis bibendum, felis sed interdum venenatis, turpis enim blandit mi, in porttitor pede justo eu massa. Donec dapibus.', '4/8/2025', 36, 34);
INSERT INTO Comment (commentID, text, dateTime, commenterID, targetID) VALUES (70, 'In quis justo. Maecenas rhoncus aliquam lacus. Morbi quis tortor id nulla ultrices aliquet. Maecenas leo odio, condimentum id, luctus nec, molestie sed, justo. Pellentesque viverra pede ac diam. Cras pellentesque volutpat dui.', '6/19/2025', 29, 32);
INSERT INTO Comment (commentID, text, dateTime, commenterID, targetID) VALUES (71, 'In tempor, turpis nec euismod scelerisque, quam turpis adipiscing lorem, vitae mattis nibh ligula nec sem. Duis aliquam convallis nunc. Proin at turpis a pede posuere nonummy. Integer non velit.', '8/22/2025', 20, 27);
INSERT INTO Comment (commentID, text, dateTime, commenterID, targetID) VALUES (72, 'Nulla facilisi. Cras non velit nec nisi vulputate nonummy.', '4/6/2025', 8, 12);
INSERT INTO Comment (commentID, text, dateTime, commenterID, targetID) VALUES (73, 'Nullam porttitor lacus at turpis. Donec posuere metus vitae ipsum. Aliquam non mauris. Morbi non lectus. Aliquam sit amet diam in magna bibendum imperdiet.', '7/31/2025', 14, 43);
INSERT INTO Comment (commentID, text, dateTime, commenterID, targetID) VALUES (74, 'Morbi odio odio, elementum eu, interdum eu, tincidunt in, leo. Maecenas pulvinar lobortis est. Phasellus sit amet erat. Nulla tempus. Vivamus in felis eu sapien cursus vestibulum. Proin eu mi. Nulla ac enim.', '10/5/2025', 32, 17);
INSERT INTO Comment (commentID, text, dateTime, commenterID, targetID) VALUES (75, 'Maecenas tristique, est et tempus semper, est quam pharetra magna, ac consequat metus sapien ut nunc. Vestibulum ante ipsum primis in faucibus orci luctus et ultrices posuere cubilia Curae; Mauris viverra diam vitae quam.', '8/25/2025', 12, 31);
INSERT INTO Comment (commentID, text, dateTime, commenterID, targetID) VALUES (76, 'Nulla ac enim. In tempor, turpis nec euismod scelerisque, quam turpis adipiscing lorem, vitae mattis nibh ligula nec sem. Duis aliquam convallis nunc. Proin at turpis a pede posuere nonummy. Integer non velit. Donec diam neque, vestibulum eget, vulputate ut, ultrices vel, augue. Vestibulum ante ipsum primis in faucibus orci luctus et ultrices posuere cubilia Curae; Donec pharetra, magna vestibulum aliquet ultrices, erat tortor sollicitudin mi, sit amet lobortis sapien sapien non mi. Integer ac neque. Duis bibendum. Morbi non quam nec dui luctus rutrum.', '8/23/2025', 13, 37);
INSERT INTO Comment (commentID, text, dateTime, commenterID, targetID) VALUES (77, 'Morbi sem mauris, laoreet ut, rhoncus aliquet, pulvinar sed, nisl. Nunc rhoncus dui vel sem. Sed sagittis. Nam congue, risus semper porta volutpat, quam pede lobortis ligula, sit amet eleifend pede libero quis orci. Nullam molestie nibh in lectus. Pellentesque at nulla. Suspendisse potenti. Cras in purus eu magna vulputate luctus. Cum sociis natoque penatibus et magnis dis parturient montes, nascetur ridiculus mus. Vivamus vestibulum sagittis sapien.', '5/27/2025', 6, 34);
INSERT INTO Comment (commentID, text, dateTime, commenterID, targetID) VALUES (78, 'In est risus, auctor sed, tristique in, tempus sit amet, sem. Fusce consequat. Nulla nisl. Nunc nisl.', '12/26/2024', 37, 27);
INSERT INTO Comment (commentID, text, dateTime, commenterID, targetID) VALUES (79, 'Nam nulla.', '4/15/2025', 39, 14);
INSERT INTO Comment (commentID, text, dateTime, commenterID, targetID) VALUES (80, 'Cum sociis natoque penatibus et magnis dis parturient montes, nascetur ridiculus mus. Etiam vel augue. Vestibulum rutrum rutrum neque. Aenean auctor gravida sem.', '9/28/2025', 18, 44);
INSERT INTO Comment (commentID, text, dateTime, commenterID, targetID) VALUES (81, 'Maecenas tristique, est et tempus semper, est quam pharetra magna, ac consequat metus sapien ut nunc. Vestibulum ante ipsum primis in faucibus orci luctus et ultrices posuere cubilia Curae; Mauris viverra diam vitae quam. Suspendisse potenti. Nullam porttitor lacus at turpis. Donec posuere metus vitae ipsum. Aliquam non mauris.', '8/26/2025', 2, 34);
INSERT INTO Comment (commentID, text, dateTime, commenterID, targetID) VALUES (82, 'Integer tincidunt ante vel ipsum.', '12/7/2024', 31, 2);
INSERT INTO Comment (commentID, text, dateTime, commenterID, targetID) VALUES (83, 'Phasellus sit amet erat. Nulla tempus. Vivamus in felis eu sapien cursus vestibulum. Proin eu mi. Nulla ac enim. In tempor, turpis nec euismod scelerisque, quam turpis adipiscing lorem, vitae mattis nibh ligula nec sem. Duis aliquam convallis nunc.', '8/9/2025', 23, 18);
INSERT INTO Comment (commentID, text, dateTime, commenterID, targetID) VALUES (84, 'Aenean auctor gravida sem. Praesent id massa id nisl venenatis lacinia. Aenean sit amet justo. Morbi ut odio. Cras mi pede, malesuada in, imperdiet et, commodo vulputate, justo.', '11/10/2025', 24, 38);
INSERT INTO Comment (commentID, text, dateTime, commenterID, targetID) VALUES (85, 'Donec ut dolor. Morbi vel lectus in quam fringilla rhoncus. Mauris enim leo, rhoncus sed, vestibulum sit amet, cursus id, turpis. Integer aliquet, massa id lobortis convallis, tortor risus dapibus augue, vel accumsan tellus nisi eu orci. Mauris lacinia sapien quis libero. Nullam sit amet turpis elementum ligula vehicula consequat. Morbi a ipsum. Integer a nibh. In quis justo. Maecenas rhoncus aliquam lacus.', '8/2/2025', 40, 5);
INSERT INTO Comment (commentID, text, dateTime, commenterID, targetID) VALUES (86, 'Morbi a ipsum. Integer a nibh. In quis justo. Maecenas rhoncus aliquam lacus. Morbi quis tortor id nulla ultrices aliquet. Maecenas leo odio, condimentum id, luctus nec, molestie sed, justo. Pellentesque viverra pede ac diam. Cras pellentesque volutpat dui. Maecenas tristique, est et tempus semper, est quam pharetra magna, ac consequat metus sapien ut nunc. Vestibulum ante ipsum primis in faucibus orci luctus et ultrices posuere cubilia Curae; Mauris viverra diam vitae quam.', '7/25/2025', 21, 18);
INSERT INTO Comment (commentID, text, dateTime, commenterID, targetID) VALUES (87, 'Sed sagittis.', '9/23/2025', 18, 33);
INSERT INTO Comment (commentID, text, dateTime, commenterID, targetID) VALUES (88, 'Etiam faucibus cursus urna. Ut tellus. Nulla ut erat id mauris vulputate elementum. Nullam varius. Nulla facilisi. Cras non velit nec nisi vulputate nonummy. Maecenas tincidunt lacus at velit. Vivamus vel nulla eget eros elementum pellentesque. Quisque porta volutpat erat. Quisque erat eros, viverra eget, congue eget, semper rutrum, nulla.', '4/16/2025', 17, 48);
INSERT INTO Comment (commentID, text, dateTime, commenterID, targetID) VALUES (89, 'Integer ac leo. Pellentesque ultrices mattis odio. Donec vitae nisi. Nam ultrices, libero non mattis pulvinar, nulla pede ullamcorper augue, a suscipit nulla elit ac nulla. Sed vel enim sit amet nunc viverra dapibus. Nulla suscipit ligula in lacus. Curabitur at ipsum ac tellus semper interdum. Mauris ullamcorper purus sit amet nulla. Quisque arcu libero, rutrum ac, lobortis vel, dapibus at, diam. Nam tristique tortor eu pede.', '10/10/2025', 32, 15);
INSERT INTO Comment (commentID, text, dateTime, commenterID, targetID) VALUES (90, 'Ut tellus. Nulla ut erat id mauris vulputate elementum. Nullam varius. Nulla facilisi.', '10/2/2025', 8, 16);
INSERT INTO Comment (commentID, text, dateTime, commenterID, targetID) VALUES (91, 'Aliquam augue quam, sollicitudin vitae, consectetuer eget, rutrum at, lorem. Integer tincidunt ante vel ipsum.', '2/5/2025', 38, 13);
INSERT INTO Comment (commentID, text, dateTime, commenterID, targetID) VALUES (92, 'Sed accumsan felis. Ut at dolor quis odio consequat varius. Integer ac leo. Pellentesque ultrices mattis odio. Donec vitae nisi. Nam ultrices, libero non mattis pulvinar, nulla pede ullamcorper augue, a suscipit nulla elit ac nulla. Sed vel enim sit amet nunc viverra dapibus. Nulla suscipit ligula in lacus. Curabitur at ipsum ac tellus semper interdum. Mauris ullamcorper purus sit amet nulla.', '2/11/2025', 37, 3);
INSERT INTO Comment (commentID, text, dateTime, commenterID, targetID) VALUES (93, 'Quisque ut erat. Curabitur gravida nisi at nibh. In hac habitasse platea dictumst. Aliquam augue quam, sollicitudin vitae, consectetuer eget, rutrum at, lorem. Integer tincidunt ante vel ipsum. Praesent blandit lacinia erat. Vestibulum sed magna at nunc commodo placerat. Praesent blandit. Nam nulla.', '5/26/2025', 28, 20);
INSERT INTO Comment (commentID, text, dateTime, commenterID, targetID) VALUES (94, 'Proin at turpis a pede posuere nonummy. Integer non velit. Donec diam neque, vestibulum eget, vulputate ut, ultrices vel, augue. Vestibulum ante ipsum primis in faucibus orci luctus et ultrices posuere cubilia Curae; Donec pharetra, magna vestibulum aliquet ultrices, erat tortor sollicitudin mi, sit amet lobortis sapien sapien non mi. Integer ac neque. Duis bibendum. Morbi non quam nec dui luctus rutrum. Nulla tellus. In sagittis dui vel nisl. Duis ac nibh.', '7/24/2025', 35, 44);
INSERT INTO Comment (commentID, text, dateTime, commenterID, targetID) VALUES (95, 'Vivamus vestibulum sagittis sapien. Cum sociis natoque penatibus et magnis dis parturient montes, nascetur ridiculus mus. Etiam vel augue. Vestibulum rutrum rutrum neque. Aenean auctor gravida sem. Praesent id massa id nisl venenatis lacinia. Aenean sit amet justo.', '12/14/2024', 15, 9);
INSERT INTO Comment (commentID, text, dateTime, commenterID, targetID) VALUES (96, 'Suspendisse potenti. Cras in purus eu magna vulputate luctus. Cum sociis natoque penatibus et magnis dis parturient montes, nascetur ridiculus mus. Vivamus vestibulum sagittis sapien. Cum sociis natoque penatibus et magnis dis parturient montes, nascetur ridiculus mus. Etiam vel augue. Vestibulum rutrum rutrum neque. Aenean auctor gravida sem. Praesent id massa id nisl venenatis lacinia. Aenean sit amet justo.', '5/29/2025', 23, 45);
INSERT INTO Comment (commentID, text, dateTime, commenterID, targetID) VALUES (97, 'Suspendisse ornare consequat lectus.', '4/23/2025', 24, 31);
INSERT INTO Comment (commentID, text, dateTime, commenterID, targetID) VALUES (98, 'Nullam porttitor lacus at turpis. Donec posuere metus vitae ipsum. Aliquam non mauris. Morbi non lectus. Aliquam sit amet diam in magna bibendum imperdiet.', '5/22/2025', 38, 16);
INSERT INTO Comment (commentID, text, dateTime, commenterID, targetID) VALUES (99, 'Maecenas tristique, est et tempus semper, est quam pharetra magna, ac consequat metus sapien ut nunc. Vestibulum ante ipsum primis in faucibus orci luctus et ultrices posuere cubilia Curae; Mauris viverra diam vitae quam.', '9/21/2025', 3, 15);
INSERT INTO Comment (commentID, text, dateTime, commenterID, targetID) VALUES (100, 'Nulla suscipit ligula in lacus. Curabitur at ipsum ac tellus semper interdum.', '9/23/2025', 8, 22);
INSERT INTO Comment (commentID, text, dateTime, commenterID, targetID) VALUES (101, 'Etiam justo. Etiam pretium iaculis justo.', '4/7/2025', 1, 42);
INSERT INTO Comment (commentID, text, dateTime, commenterID, targetID) VALUES (102, 'Suspendisse potenti. Cras in purus eu magna vulputate luctus. Cum sociis natoque penatibus et magnis dis parturient montes, nascetur ridiculus mus. Vivamus vestibulum sagittis sapien. Cum sociis natoque penatibus et magnis dis parturient montes, nascetur ridiculus mus. Etiam vel augue. Vestibulum rutrum rutrum neque. Aenean auctor gravida sem. Praesent id massa id nisl venenatis lacinia. Aenean sit amet justo.', '10/25/2025', 30, 40);
INSERT INTO Comment (commentID, text, dateTime, commenterID, targetID) VALUES (103, 'Sed sagittis. Nam congue, risus semper porta volutpat, quam pede lobortis ligula, sit amet eleifend pede libero quis orci. Nullam molestie nibh in lectus. Pellentesque at nulla. Suspendisse potenti. Cras in purus eu magna vulputate luctus.', '7/18/2025', 38, 34);
INSERT INTO Comment (commentID, text, dateTime, commenterID, targetID) VALUES (104, 'Suspendisse ornare consequat lectus. In est risus, auctor sed, tristique in, tempus sit amet, sem. Fusce consequat. Nulla nisl. Nunc nisl. Duis bibendum, felis sed interdum venenatis, turpis enim blandit mi, in porttitor pede justo eu massa. Donec dapibus. Duis at velit eu est congue elementum. In hac habitasse platea dictumst. Morbi vestibulum, velit id pretium iaculis, diam erat fermentum justo, nec condimentum neque sapien placerat ante.', '4/8/2025', 27, 13);
INSERT INTO Comment (commentID, text, dateTime, commenterID, targetID) VALUES (105, 'Suspendisse potenti. In eleifend quam a odio. In hac habitasse platea dictumst. Maecenas ut massa quis augue luctus tincidunt. Nulla mollis molestie lorem. Quisque ut erat.', '11/4/2025', 30, 3);
INSERT INTO Comment (commentID, text, dateTime, commenterID, targetID) VALUES (106, 'Etiam vel augue. Vestibulum rutrum rutrum neque. Aenean auctor gravida sem. Praesent id massa id nisl venenatis lacinia. Aenean sit amet justo. Morbi ut odio. Cras mi pede, malesuada in, imperdiet et, commodo vulputate, justo. In blandit ultrices enim. Lorem ipsum dolor sit amet, consectetuer adipiscing elit.', '8/26/2025', 1, 6);
INSERT INTO Comment (commentID, text, dateTime, commenterID, targetID) VALUES (107, 'Aliquam quis turpis eget elit sodales scelerisque. Mauris sit amet eros. Suspendisse accumsan tortor quis turpis. Sed ante. Vivamus tortor. Duis mattis egestas metus. Aenean fermentum. Donec ut mauris eget massa tempor convallis. Nulla neque libero, convallis eget, eleifend luctus, ultricies eu, nibh.', '8/30/2025', 6, 16);
INSERT INTO Comment (commentID, text, dateTime, commenterID, targetID) VALUES (108, 'Morbi sem mauris, laoreet ut, rhoncus aliquet, pulvinar sed, nisl. Nunc rhoncus dui vel sem. Sed sagittis. Nam congue, risus semper porta volutpat, quam pede lobortis ligula, sit amet eleifend pede libero quis orci. Nullam molestie nibh in lectus. Pellentesque at nulla. Suspendisse potenti. Cras in purus eu magna vulputate luctus.', '9/4/2025', 7, 31);
INSERT INTO Comment (commentID, text, dateTime, commenterID, targetID) VALUES (109, 'Donec odio justo, sollicitudin ut, suscipit a, feugiat et, eros. Vestibulum ac est lacinia nisi venenatis tristique. Fusce congue, diam id ornare imperdiet, sapien urna pretium nisl, ut volutpat sapien arcu sed augue. Aliquam erat volutpat. In congue.', '1/29/2025', 11, 9);
INSERT INTO Comment (commentID, text, dateTime, commenterID, targetID) VALUES (110, 'Nunc purus.', '7/13/2025', 8, 33);
INSERT INTO Comment (commentID, text, dateTime, commenterID, targetID) VALUES (111, 'Fusce lacus purus, aliquet at, feugiat non, pretium quis, lectus. Suspendisse potenti. In eleifend quam a odio. In hac habitasse platea dictumst. Maecenas ut massa quis augue luctus tincidunt. Nulla mollis molestie lorem. Quisque ut erat. Curabitur gravida nisi at nibh. In hac habitasse platea dictumst. Aliquam augue quam, sollicitudin vitae, consectetuer eget, rutrum at, lorem.', '8/26/2025', 7, 18);
INSERT INTO Comment (commentID, text, dateTime, commenterID, targetID) VALUES (112, 'Proin interdum mauris non ligula pellentesque ultrices. Phasellus id sapien in sapien iaculis congue. Vivamus metus arcu, adipiscing molestie, hendrerit at, vulputate vitae, nisl. Aenean lectus. Pellentesque eget nunc.', '9/22/2025', 23, 14);
INSERT INTO Comment (commentID, text, dateTime, commenterID, targetID) VALUES (113, 'In hac habitasse platea dictumst. Aliquam augue quam, sollicitudin vitae, consectetuer eget, rutrum at, lorem. Integer tincidunt ante vel ipsum. Praesent blandit lacinia erat. Vestibulum sed magna at nunc commodo placerat. Praesent blandit. Nam nulla. Integer pede justo, lacinia eget, tincidunt eget, tempus vel, pede. Morbi porttitor lorem id ligula. Suspendisse ornare consequat lectus.', '8/21/2025', 9, 31);
INSERT INTO Comment (commentID, text, dateTime, commenterID, targetID) VALUES (114, 'Duis aliquam convallis nunc. Proin at turpis a pede posuere nonummy. Integer non velit. Donec diam neque, vestibulum eget, vulputate ut, ultrices vel, augue. Vestibulum ante ipsum primis in faucibus orci luctus et ultrices posuere cubilia Curae; Donec pharetra, magna vestibulum aliquet ultrices, erat tortor sollicitudin mi, sit amet lobortis sapien sapien non mi. Integer ac neque.', '8/30/2025', 30, 44);
INSERT INTO Comment (commentID, text, dateTime, commenterID, targetID) VALUES (115, 'Sed accumsan felis. Ut at dolor quis odio consequat varius. Integer ac leo. Pellentesque ultrices mattis odio. Donec vitae nisi. Nam ultrices, libero non mattis pulvinar, nulla pede ullamcorper augue, a suscipit nulla elit ac nulla. Sed vel enim sit amet nunc viverra dapibus. Nulla suscipit ligula in lacus.', '6/15/2025', 22, 43);
INSERT INTO Comment (commentID, text, dateTime, commenterID, targetID) VALUES (116, 'Morbi sem mauris, laoreet ut, rhoncus aliquet, pulvinar sed, nisl. Nunc rhoncus dui vel sem.', '7/4/2025', 26, 9);
INSERT INTO Comment (commentID, text, dateTime, commenterID, targetID) VALUES (117, 'Nunc purus. Phasellus in felis. Donec semper sapien a libero. Nam dui. Proin leo odio, porttitor id, consequat in, consequat ut, nulla. Sed accumsan felis. Ut at dolor quis odio consequat varius. Integer ac leo. Pellentesque ultrices mattis odio.', '6/23/2025', 17, 48);
INSERT INTO Comment (commentID, text, dateTime, commenterID, targetID) VALUES (118, 'Donec semper sapien a libero. Nam dui. Proin leo odio, porttitor id, consequat in, consequat ut, nulla. Sed accumsan felis. Ut at dolor quis odio consequat varius.', '6/3/2025', 15, 21);
INSERT INTO Comment (commentID, text, dateTime, commenterID, targetID) VALUES (119, 'Vivamus vel nulla eget eros elementum pellentesque. Quisque porta volutpat erat. Quisque erat eros, viverra eget, congue eget, semper rutrum, nulla.', '11/26/2025', 38, 42);
INSERT INTO Comment (commentID, text, dateTime, commenterID, targetID) VALUES (120, 'Aenean auctor gravida sem. Praesent id massa id nisl venenatis lacinia.', '3/6/2025', 28, 29);
INSERT INTO Comment (commentID, text, dateTime, commenterID, targetID) VALUES (121, 'Suspendisse accumsan tortor quis turpis. Sed ante. Vivamus tortor. Duis mattis egestas metus. Aenean fermentum. Donec ut mauris eget massa tempor convallis.', '10/13/2025', 20, 46);
INSERT INTO Comment (commentID, text, dateTime, commenterID, targetID) VALUES (122, 'Nullam molestie nibh in lectus. Pellentesque at nulla. Suspendisse potenti. Cras in purus eu magna vulputate luctus. Cum sociis natoque penatibus et magnis dis parturient montes, nascetur ridiculus mus. Vivamus vestibulum sagittis sapien. Cum sociis natoque penatibus et magnis dis parturient montes, nascetur ridiculus mus. Etiam vel augue.', '3/11/2025', 2, 28);
INSERT INTO Comment (commentID, text, dateTime, commenterID, targetID) VALUES (123, 'Praesent blandit. Nam nulla. Integer pede justo, lacinia eget, tincidunt eget, tempus vel, pede. Morbi porttitor lorem id ligula.', '4/3/2025', 40, 25);
INSERT INTO Comment (commentID, text, dateTime, commenterID, targetID) VALUES (124, 'Nulla nisl.', '11/10/2025', 6, 32);
INSERT INTO Comment (commentID, text, dateTime, commenterID, targetID) VALUES (125, 'Maecenas leo odio, condimentum id, luctus nec, molestie sed, justo.', '2/10/2025', 31, 18);
INSERT INTO Comment (commentID, text, dateTime, commenterID, targetID) VALUES (126, 'Duis bibendum. Morbi non quam nec dui luctus rutrum. Nulla tellus. In sagittis dui vel nisl.', '4/15/2025', 15, 19);
INSERT INTO Comment (commentID, text, dateTime, commenterID, targetID) VALUES (127, 'Praesent blandit. Nam nulla. Integer pede justo, lacinia eget, tincidunt eget, tempus vel, pede. Morbi porttitor lorem id ligula.', '3/9/2025', 23, 36);
INSERT INTO Comment (commentID, text, dateTime, commenterID, targetID) VALUES (128, 'Aliquam non mauris.', '11/7/2025', 29, 40);
INSERT INTO Comment (commentID, text, dateTime, commenterID, targetID) VALUES (129, 'Donec dapibus. Duis at velit eu est congue elementum. In hac habitasse platea dictumst. Morbi vestibulum, velit id pretium iaculis, diam erat fermentum justo, nec condimentum neque sapien placerat ante. Nulla justo.', '4/27/2025', 2, 16);
INSERT INTO Comment (commentID, text, dateTime, commenterID, targetID) VALUES (130, 'Donec posuere metus vitae ipsum. Aliquam non mauris.', '9/14/2025', 16, 27);
INSERT INTO Comment (commentID, text, dateTime, commenterID, targetID) VALUES (131, 'Phasellus in felis. Donec semper sapien a libero. Nam dui. Proin leo odio, porttitor id, consequat in, consequat ut, nulla. Sed accumsan felis. Ut at dolor quis odio consequat varius. Integer ac leo. Pellentesque ultrices mattis odio. Donec vitae nisi.', '10/23/2025', 8, 30);
INSERT INTO Comment (commentID, text, dateTime, commenterID, targetID) VALUES (132, 'Pellentesque viverra pede ac diam. Cras pellentesque volutpat dui. Maecenas tristique, est et tempus semper, est quam pharetra magna, ac consequat metus sapien ut nunc. Vestibulum ante ipsum primis in faucibus orci luctus et ultrices posuere cubilia Curae; Mauris viverra diam vitae quam. Suspendisse potenti. Nullam porttitor lacus at turpis.', '10/17/2025', 10, 35);
INSERT INTO Comment (commentID, text, dateTime, commenterID, targetID) VALUES (133, 'Proin interdum mauris non ligula pellentesque ultrices. Phasellus id sapien in sapien iaculis congue. Vivamus metus arcu, adipiscing molestie, hendrerit at, vulputate vitae, nisl. Aenean lectus. Pellentesque eget nunc. Donec quis orci eget orci vehicula condimentum. Curabitur in libero ut massa volutpat convallis. Morbi odio odio, elementum eu, interdum eu, tincidunt in, leo. Maecenas pulvinar lobortis est. Phasellus sit amet erat.', '5/20/2025', 32, 40);
INSERT INTO Comment (commentID, text, dateTime, commenterID, targetID) VALUES (134, 'Aliquam augue quam, sollicitudin vitae, consectetuer eget, rutrum at, lorem. Integer tincidunt ante vel ipsum. Praesent blandit lacinia erat. Vestibulum sed magna at nunc commodo placerat. Praesent blandit. Nam nulla.', '3/3/2025', 4, 20);
INSERT INTO Comment (commentID, text, dateTime, commenterID, targetID) VALUES (135, 'Morbi vestibulum, velit id pretium iaculis, diam erat fermentum justo, nec condimentum neque sapien placerat ante. Nulla justo. Aliquam quis turpis eget elit sodales scelerisque.', '1/16/2025', 12, 29);
INSERT INTO Comment (commentID, text, dateTime, commenterID, targetID) VALUES (136, 'In tempor, turpis nec euismod scelerisque, quam turpis adipiscing lorem, vitae mattis nibh ligula nec sem. Duis aliquam convallis nunc. Proin at turpis a pede posuere nonummy. Integer non velit. Donec diam neque, vestibulum eget, vulputate ut, ultrices vel, augue.', '9/2/2025', 27, 33);
INSERT INTO Comment (commentID, text, dateTime, commenterID, targetID) VALUES (137, 'Aenean lectus. Pellentesque eget nunc. Donec quis orci eget orci vehicula condimentum. Curabitur in libero ut massa volutpat convallis. Morbi odio odio, elementum eu, interdum eu, tincidunt in, leo. Maecenas pulvinar lobortis est. Phasellus sit amet erat.', '7/6/2025', 13, 41);
INSERT INTO Comment (commentID, text, dateTime, commenterID, targetID) VALUES (138, 'Morbi non lectus. Aliquam sit amet diam in magna bibendum imperdiet. Nullam orci pede, venenatis non, sodales sed, tincidunt eu, felis. Fusce posuere felis sed lacus. Morbi sem mauris, laoreet ut, rhoncus aliquet, pulvinar sed, nisl.', '4/8/2025', 1, 16);
INSERT INTO Comment (commentID, text, dateTime, commenterID, targetID) VALUES (139, 'Pellentesque viverra pede ac diam. Cras pellentesque volutpat dui. Maecenas tristique, est et tempus semper, est quam pharetra magna, ac consequat metus sapien ut nunc. Vestibulum ante ipsum primis in faucibus orci luctus et ultrices posuere cubilia Curae; Mauris viverra diam vitae quam. Suspendisse potenti. Nullam porttitor lacus at turpis.', '11/23/2025', 33, 8);
INSERT INTO Comment (commentID, text, dateTime, commenterID, targetID) VALUES (140, 'Nulla mollis molestie lorem. Quisque ut erat. Curabitur gravida nisi at nibh.', '2/22/2025', 8, 20);
INSERT INTO Comment (commentID, text, dateTime, commenterID, targetID) VALUES (141, 'Nam nulla. Integer pede justo, lacinia eget, tincidunt eget, tempus vel, pede. Morbi porttitor lorem id ligula.', '3/6/2025', 29, 2);
INSERT INTO Comment (commentID, text, dateTime, commenterID, targetID) VALUES (142, 'Sed ante. Vivamus tortor. Duis mattis egestas metus. Aenean fermentum. Donec ut mauris eget massa tempor convallis. Nulla neque libero, convallis eget, eleifend luctus, ultricies eu, nibh. Quisque id justo sit amet sapien dignissim vestibulum. Vestibulum ante ipsum primis in faucibus orci luctus et ultrices posuere cubilia Curae; Nulla dapibus dolor vel est.', '9/4/2025', 3, 13);
INSERT INTO Comment (commentID, text, dateTime, commenterID, targetID) VALUES (143, 'In congue. Etiam justo. Etiam pretium iaculis justo. In hac habitasse platea dictumst. Etiam faucibus cursus urna. Ut tellus. Nulla ut erat id mauris vulputate elementum. Nullam varius.', '11/18/2025', 25, 22);
INSERT INTO Comment (commentID, text, dateTime, commenterID, targetID) VALUES (144, 'Etiam pretium iaculis justo. In hac habitasse platea dictumst. Etiam faucibus cursus urna.', '5/24/2025', 26, 24);
INSERT INTO Comment (commentID, text, dateTime, commenterID, targetID) VALUES (145, 'Duis at velit eu est congue elementum. In hac habitasse platea dictumst. Morbi vestibulum, velit id pretium iaculis, diam erat fermentum justo, nec condimentum neque sapien placerat ante. Nulla justo. Aliquam quis turpis eget elit sodales scelerisque. Mauris sit amet eros. Suspendisse accumsan tortor quis turpis.', '7/12/2025', 5, 12);
INSERT INTO Comment (commentID, text, dateTime, commenterID, targetID) VALUES (146, 'Maecenas pulvinar lobortis est. Phasellus sit amet erat. Nulla tempus. Vivamus in felis eu sapien cursus vestibulum. Proin eu mi. Nulla ac enim.', '7/19/2025', 28, 17);
INSERT INTO Comment (commentID, text, dateTime, commenterID, targetID) VALUES (147, 'Cras non velit nec nisi vulputate nonummy. Maecenas tincidunt lacus at velit. Vivamus vel nulla eget eros elementum pellentesque. Quisque porta volutpat erat. Quisque erat eros, viverra eget, congue eget, semper rutrum, nulla. Nunc purus. Phasellus in felis. Donec semper sapien a libero. Nam dui.', '10/14/2025', 40, 40);
INSERT INTO Comment (commentID, text, dateTime, commenterID, targetID) VALUES (148, 'Nullam varius. Nulla facilisi. Cras non velit nec nisi vulputate nonummy. Maecenas tincidunt lacus at velit. Vivamus vel nulla eget eros elementum pellentesque. Quisque porta volutpat erat. Quisque erat eros, viverra eget, congue eget, semper rutrum, nulla. Nunc purus. Phasellus in felis. Donec semper sapien a libero.', '12/16/2024', 37, 43);
INSERT INTO Comment (commentID, text, dateTime, commenterID, targetID) VALUES (149, 'Aliquam erat volutpat.', '4/1/2025', 22, 34);
INSERT INTO Comment (commentID, text, dateTime, commenterID, targetID) VALUES (150, 'Nulla mollis molestie lorem. Quisque ut erat.', '11/12/2025', 32, 45);
INSERT INTO Comment (commentID, text, dateTime, commenterID, targetID) VALUES (151, 'Vestibulum ante ipsum primis in faucibus orci luctus et ultrices posuere cubilia Curae; Duis faucibus accumsan odio. Curabitur convallis. Duis consequat dui nec nisi volutpat eleifend. Donec ut dolor. Morbi vel lectus in quam fringilla rhoncus. Mauris enim leo, rhoncus sed, vestibulum sit amet, cursus id, turpis.', '6/4/2025', 9, 21);
INSERT INTO Comment (commentID, text, dateTime, commenterID, targetID) VALUES (152, 'Vestibulum rutrum rutrum neque. Aenean auctor gravida sem.', '5/27/2025', 26, 2);
INSERT INTO Comment (commentID, text, dateTime, commenterID, targetID) VALUES (153, 'Curabitur convallis. Duis consequat dui nec nisi volutpat eleifend. Donec ut dolor. Morbi vel lectus in quam fringilla rhoncus. Mauris enim leo, rhoncus sed, vestibulum sit amet, cursus id, turpis. Integer aliquet, massa id lobortis convallis, tortor risus dapibus augue, vel accumsan tellus nisi eu orci.', '12/15/2024', 12, 47);
INSERT INTO Comment (commentID, text, dateTime, commenterID, targetID) VALUES (154, 'In blandit ultrices enim. Lorem ipsum dolor sit amet, consectetuer adipiscing elit. Proin interdum mauris non ligula pellentesque ultrices. Phasellus id sapien in sapien iaculis congue. Vivamus metus arcu, adipiscing molestie, hendrerit at, vulputate vitae, nisl. Aenean lectus. Pellentesque eget nunc. Donec quis orci eget orci vehicula condimentum. Curabitur in libero ut massa volutpat convallis.', '5/16/2025', 1, 22);
INSERT INTO Comment (commentID, text, dateTime, commenterID, targetID) VALUES (155, 'Aenean auctor gravida sem. Praesent id massa id nisl venenatis lacinia. Aenean sit amet justo. Morbi ut odio. Cras mi pede, malesuada in, imperdiet et, commodo vulputate, justo. In blandit ultrices enim. Lorem ipsum dolor sit amet, consectetuer adipiscing elit. Proin interdum mauris non ligula pellentesque ultrices.', '3/8/2025', 36, 41);
INSERT INTO Comment (commentID, text, dateTime, commenterID, targetID) VALUES (156, 'Nunc rhoncus dui vel sem. Sed sagittis. Nam congue, risus semper porta volutpat, quam pede lobortis ligula, sit amet eleifend pede libero quis orci. Nullam molestie nibh in lectus.', '11/11/2025', 23, 26);
INSERT INTO Comment (commentID, text, dateTime, commenterID, targetID) VALUES (157, 'Nullam molestie nibh in lectus. Pellentesque at nulla. Suspendisse potenti. Cras in purus eu magna vulputate luctus. Cum sociis natoque penatibus et magnis dis parturient montes, nascetur ridiculus mus. Vivamus vestibulum sagittis sapien. Cum sociis natoque penatibus et magnis dis parturient montes, nascetur ridiculus mus. Etiam vel augue.', '3/23/2025', 16, 14);
INSERT INTO Comment (commentID, text, dateTime, commenterID, targetID) VALUES (158, 'Nullam orci pede, venenatis non, sodales sed, tincidunt eu, felis. Fusce posuere felis sed lacus. Morbi sem mauris, laoreet ut, rhoncus aliquet, pulvinar sed, nisl. Nunc rhoncus dui vel sem.', '1/7/2025', 32, 32);
INSERT INTO Comment (commentID, text, dateTime, commenterID, targetID) VALUES (159, 'Duis bibendum.', '4/2/2025', 31, 1);
INSERT INTO Comment (commentID, text, dateTime, commenterID, targetID) VALUES (160, 'Lorem ipsum dolor sit amet, consectetuer adipiscing elit. Proin risus. Praesent lectus. Vestibulum quam sapien, varius ut, blandit non, interdum in, ante. Vestibulum ante ipsum primis in faucibus orci luctus et ultrices posuere cubilia Curae; Duis faucibus accumsan odio. Curabitur convallis. Duis consequat dui nec nisi volutpat eleifend. Donec ut dolor. Morbi vel lectus in quam fringilla rhoncus.', '5/6/2025', 23, 41);
INSERT INTO Comment (commentID, text, dateTime, commenterID, targetID) VALUES (161, 'Vivamus in felis eu sapien cursus vestibulum.', '3/21/2025', 34, 9);
INSERT INTO Comment (commentID, text, dateTime, commenterID, targetID) VALUES (162, 'Maecenas leo odio, condimentum id, luctus nec, molestie sed, justo. Pellentesque viverra pede ac diam. Cras pellentesque volutpat dui. Maecenas tristique, est et tempus semper, est quam pharetra magna, ac consequat metus sapien ut nunc. Vestibulum ante ipsum primis in faucibus orci luctus et ultrices posuere cubilia Curae; Mauris viverra diam vitae quam. Suspendisse potenti. Nullam porttitor lacus at turpis. Donec posuere metus vitae ipsum. Aliquam non mauris. Morbi non lectus.', '11/21/2025', 36, 11);
INSERT INTO Comment (commentID, text, dateTime, commenterID, targetID) VALUES (163, 'Aliquam quis turpis eget elit sodales scelerisque. Mauris sit amet eros. Suspendisse accumsan tortor quis turpis. Sed ante. Vivamus tortor. Duis mattis egestas metus. Aenean fermentum. Donec ut mauris eget massa tempor convallis. Nulla neque libero, convallis eget, eleifend luctus, ultricies eu, nibh. Quisque id justo sit amet sapien dignissim vestibulum.', '3/30/2025', 6, 2);
INSERT INTO Comment (commentID, text, dateTime, commenterID, targetID) VALUES (164, 'Nulla nisl. Nunc nisl. Duis bibendum, felis sed interdum venenatis, turpis enim blandit mi, in porttitor pede justo eu massa. Donec dapibus. Duis at velit eu est congue elementum. In hac habitasse platea dictumst.', '9/27/2025', 35, 24);
INSERT INTO Comment (commentID, text, dateTime, commenterID, targetID) VALUES (165, 'Proin leo odio, porttitor id, consequat in, consequat ut, nulla. Sed accumsan felis. Ut at dolor quis odio consequat varius. Integer ac leo. Pellentesque ultrices mattis odio.', '8/1/2025', 17, 10);
INSERT INTO Comment (commentID, text, dateTime, commenterID, targetID) VALUES (166, 'Mauris lacinia sapien quis libero. Nullam sit amet turpis elementum ligula vehicula consequat. Morbi a ipsum. Integer a nibh. In quis justo. Maecenas rhoncus aliquam lacus. Morbi quis tortor id nulla ultrices aliquet.', '6/1/2025', 25, 14);
INSERT INTO Comment (commentID, text, dateTime, commenterID, targetID) VALUES (167, 'Vestibulum ante ipsum primis in faucibus orci luctus et ultrices posuere cubilia Curae; Mauris viverra diam vitae quam. Suspendisse potenti. Nullam porttitor lacus at turpis. Donec posuere metus vitae ipsum. Aliquam non mauris. Morbi non lectus. Aliquam sit amet diam in magna bibendum imperdiet. Nullam orci pede, venenatis non, sodales sed, tincidunt eu, felis. Fusce posuere felis sed lacus. Morbi sem mauris, laoreet ut, rhoncus aliquet, pulvinar sed, nisl.', '5/20/2025', 3, 16);
INSERT INTO Comment (commentID, text, dateTime, commenterID, targetID) VALUES (168, 'Nulla nisl. Nunc nisl. Duis bibendum, felis sed interdum venenatis, turpis enim blandit mi, in porttitor pede justo eu massa. Donec dapibus. Duis at velit eu est congue elementum. In hac habitasse platea dictumst. Morbi vestibulum, velit id pretium iaculis, diam erat fermentum justo, nec condimentum neque sapien placerat ante. Nulla justo. Aliquam quis turpis eget elit sodales scelerisque. Mauris sit amet eros.', '2/9/2025', 38, 34);
INSERT INTO Comment (commentID, text, dateTime, commenterID, targetID) VALUES (169, 'Pellentesque eget nunc. Donec quis orci eget orci vehicula condimentum. Curabitur in libero ut massa volutpat convallis. Morbi odio odio, elementum eu, interdum eu, tincidunt in, leo. Maecenas pulvinar lobortis est. Phasellus sit amet erat. Nulla tempus. Vivamus in felis eu sapien cursus vestibulum.', '7/7/2025', 8, 37);
INSERT INTO Comment (commentID, text, dateTime, commenterID, targetID) VALUES (170, 'Aliquam sit amet diam in magna bibendum imperdiet. Nullam orci pede, venenatis non, sodales sed, tincidunt eu, felis. Fusce posuere felis sed lacus. Morbi sem mauris, laoreet ut, rhoncus aliquet, pulvinar sed, nisl. Nunc rhoncus dui vel sem. Sed sagittis. Nam congue, risus semper porta volutpat, quam pede lobortis ligula, sit amet eleifend pede libero quis orci. Nullam molestie nibh in lectus. Pellentesque at nulla. Suspendisse potenti.', '3/5/2025', 25, 21);
INSERT INTO Comment (commentID, text, dateTime, commenterID, targetID) VALUES (171, 'Integer aliquet, massa id lobortis convallis, tortor risus dapibus augue, vel accumsan tellus nisi eu orci. Mauris lacinia sapien quis libero. Nullam sit amet turpis elementum ligula vehicula consequat. Morbi a ipsum. Integer a nibh. In quis justo. Maecenas rhoncus aliquam lacus.', '12/12/2024', 21, 14);
INSERT INTO Comment (commentID, text, dateTime, commenterID, targetID) VALUES (172, 'Morbi sem mauris, laoreet ut, rhoncus aliquet, pulvinar sed, nisl. Nunc rhoncus dui vel sem. Sed sagittis. Nam congue, risus semper porta volutpat, quam pede lobortis ligula, sit amet eleifend pede libero quis orci. Nullam molestie nibh in lectus. Pellentesque at nulla. Suspendisse potenti. Cras in purus eu magna vulputate luctus. Cum sociis natoque penatibus et magnis dis parturient montes, nascetur ridiculus mus. Vivamus vestibulum sagittis sapien.', '11/23/2025', 17, 38);
INSERT INTO Comment (commentID, text, dateTime, commenterID, targetID) VALUES (173, 'In hac habitasse platea dictumst. Aliquam augue quam, sollicitudin vitae, consectetuer eget, rutrum at, lorem. Integer tincidunt ante vel ipsum. Praesent blandit lacinia erat. Vestibulum sed magna at nunc commodo placerat. Praesent blandit. Nam nulla.', '4/8/2025', 39, 12);
INSERT INTO Comment (commentID, text, dateTime, commenterID, targetID) VALUES (174, 'Curabitur gravida nisi at nibh. In hac habitasse platea dictumst. Aliquam augue quam, sollicitudin vitae, consectetuer eget, rutrum at, lorem. Integer tincidunt ante vel ipsum.', '11/6/2025', 36, 1);
INSERT INTO Comment (commentID, text, dateTime, commenterID, targetID) VALUES (175, 'Sed ante. Vivamus tortor. Duis mattis egestas metus. Aenean fermentum. Donec ut mauris eget massa tempor convallis. Nulla neque libero, convallis eget, eleifend luctus, ultricies eu, nibh. Quisque id justo sit amet sapien dignissim vestibulum. Vestibulum ante ipsum primis in faucibus orci luctus et ultrices posuere cubilia Curae; Nulla dapibus dolor vel est. Donec odio justo, sollicitudin ut, suscipit a, feugiat et, eros. Vestibulum ac est lacinia nisi venenatis tristique.', '6/13/2025', 7, 46);
INSERT INTO Comment (commentID, text, dateTime, commenterID, targetID) VALUES (176, 'Quisque erat eros, viverra eget, congue eget, semper rutrum, nulla. Nunc purus. Phasellus in felis. Donec semper sapien a libero. Nam dui. Proin leo odio, porttitor id, consequat in, consequat ut, nulla. Sed accumsan felis.', '6/14/2025', 23, 40);
INSERT INTO Comment (commentID, text, dateTime, commenterID, targetID) VALUES (177, 'Etiam vel augue. Vestibulum rutrum rutrum neque. Aenean auctor gravida sem. Praesent id massa id nisl venenatis lacinia. Aenean sit amet justo. Morbi ut odio. Cras mi pede, malesuada in, imperdiet et, commodo vulputate, justo. In blandit ultrices enim. Lorem ipsum dolor sit amet, consectetuer adipiscing elit. Proin interdum mauris non ligula pellentesque ultrices.', '8/6/2025', 19, 25);
INSERT INTO Comment (commentID, text, dateTime, commenterID, targetID) VALUES (178, 'Aliquam sit amet diam in magna bibendum imperdiet. Nullam orci pede, venenatis non, sodales sed, tincidunt eu, felis. Fusce posuere felis sed lacus. Morbi sem mauris, laoreet ut, rhoncus aliquet, pulvinar sed, nisl. Nunc rhoncus dui vel sem. Sed sagittis. Nam congue, risus semper porta volutpat, quam pede lobortis ligula, sit amet eleifend pede libero quis orci. Nullam molestie nibh in lectus. Pellentesque at nulla.', '6/21/2025', 27, 15);
INSERT INTO Comment (commentID, text, dateTime, commenterID, targetID) VALUES (179, 'Fusce lacus purus, aliquet at, feugiat non, pretium quis, lectus. Suspendisse potenti. In eleifend quam a odio. In hac habitasse platea dictumst.', '6/19/2025', 17, 13);
INSERT INTO Comment (commentID, text, dateTime, commenterID, targetID) VALUES (180, 'Pellentesque eget nunc. Donec quis orci eget orci vehicula condimentum. Curabitur in libero ut massa volutpat convallis. Morbi odio odio, elementum eu, interdum eu, tincidunt in, leo. Maecenas pulvinar lobortis est. Phasellus sit amet erat. Nulla tempus. Vivamus in felis eu sapien cursus vestibulum. Proin eu mi.', '1/23/2025', 39, 32);
INSERT INTO Comment (commentID, text, dateTime, commenterID, targetID) VALUES (181, 'Morbi ut odio. Cras mi pede, malesuada in, imperdiet et, commodo vulputate, justo. In blandit ultrices enim. Lorem ipsum dolor sit amet, consectetuer adipiscing elit. Proin interdum mauris non ligula pellentesque ultrices. Phasellus id sapien in sapien iaculis congue. Vivamus metus arcu, adipiscing molestie, hendrerit at, vulputate vitae, nisl. Aenean lectus. Pellentesque eget nunc. Donec quis orci eget orci vehicula condimentum.', '4/3/2025', 4, 44);
INSERT INTO Comment (commentID, text, dateTime, commenterID, targetID) VALUES (182, 'Praesent id massa id nisl venenatis lacinia. Aenean sit amet justo. Morbi ut odio. Cras mi pede, malesuada in, imperdiet et, commodo vulputate, justo. In blandit ultrices enim. Lorem ipsum dolor sit amet, consectetuer adipiscing elit. Proin interdum mauris non ligula pellentesque ultrices.', '2/3/2025', 6, 10);
INSERT INTO Comment (commentID, text, dateTime, commenterID, targetID) VALUES (183, 'Vestibulum quam sapien, varius ut, blandit non, interdum in, ante. Vestibulum ante ipsum primis in faucibus orci luctus et ultrices posuere cubilia Curae; Duis faucibus accumsan odio. Curabitur convallis. Duis consequat dui nec nisi volutpat eleifend.', '8/6/2025', 40, 46);
INSERT INTO Comment (commentID, text, dateTime, commenterID, targetID) VALUES (184, 'Aliquam augue quam, sollicitudin vitae, consectetuer eget, rutrum at, lorem. Integer tincidunt ante vel ipsum. Praesent blandit lacinia erat. Vestibulum sed magna at nunc commodo placerat. Praesent blandit. Nam nulla. Integer pede justo, lacinia eget, tincidunt eget, tempus vel, pede. Morbi porttitor lorem id ligula. Suspendisse ornare consequat lectus.', '3/15/2025', 31, 19);
INSERT INTO Comment (commentID, text, dateTime, commenterID, targetID) VALUES (185, 'Mauris lacinia sapien quis libero. Nullam sit amet turpis elementum ligula vehicula consequat. Morbi a ipsum. Integer a nibh. In quis justo. Maecenas rhoncus aliquam lacus. Morbi quis tortor id nulla ultrices aliquet. Maecenas leo odio, condimentum id, luctus nec, molestie sed, justo. Pellentesque viverra pede ac diam. Cras pellentesque volutpat dui.', '4/9/2025', 11, 43);
INSERT INTO Comment (commentID, text, dateTime, commenterID, targetID) VALUES (186, 'Duis at velit eu est congue elementum. In hac habitasse platea dictumst. Morbi vestibulum, velit id pretium iaculis, diam erat fermentum justo, nec condimentum neque sapien placerat ante. Nulla justo. Aliquam quis turpis eget elit sodales scelerisque. Mauris sit amet eros. Suspendisse accumsan tortor quis turpis. Sed ante.', '4/11/2025', 20, 8);
INSERT INTO Comment (commentID, text, dateTime, commenterID, targetID) VALUES (187, 'Morbi quis tortor id nulla ultrices aliquet. Maecenas leo odio, condimentum id, luctus nec, molestie sed, justo. Pellentesque viverra pede ac diam. Cras pellentesque volutpat dui. Maecenas tristique, est et tempus semper, est quam pharetra magna, ac consequat metus sapien ut nunc. Vestibulum ante ipsum primis in faucibus orci luctus et ultrices posuere cubilia Curae; Mauris viverra diam vitae quam. Suspendisse potenti.', '7/7/2025', 10, 39);
INSERT INTO Comment (commentID, text, dateTime, commenterID, targetID) VALUES (188, 'Integer tincidunt ante vel ipsum. Praesent blandit lacinia erat. Vestibulum sed magna at nunc commodo placerat. Praesent blandit.', '4/18/2025', 21, 35);
INSERT INTO Comment (commentID, text, dateTime, commenterID, targetID) VALUES (189, 'Vestibulum quam sapien, varius ut, blandit non, interdum in, ante.', '2/3/2025', 28, 3);
INSERT INTO Comment (commentID, text, dateTime, commenterID, targetID) VALUES (190, 'Pellentesque at nulla. Suspendisse potenti. Cras in purus eu magna vulputate luctus. Cum sociis natoque penatibus et magnis dis parturient montes, nascetur ridiculus mus. Vivamus vestibulum sagittis sapien. Cum sociis natoque penatibus et magnis dis parturient montes, nascetur ridiculus mus. Etiam vel augue. Vestibulum rutrum rutrum neque.', '7/18/2025', 3, 16);
INSERT INTO Comment (commentID, text, dateTime, commenterID, targetID) VALUES (191, 'Proin at turpis a pede posuere nonummy. Integer non velit. Donec diam neque, vestibulum eget, vulputate ut, ultrices vel, augue.', '8/31/2025', 19, 28);
INSERT INTO Comment (commentID, text, dateTime, commenterID, targetID) VALUES (192, 'Integer a nibh. In quis justo. Maecenas rhoncus aliquam lacus. Morbi quis tortor id nulla ultrices aliquet. Maecenas leo odio, condimentum id, luctus nec, molestie sed, justo. Pellentesque viverra pede ac diam. Cras pellentesque volutpat dui.', '6/16/2025', 33, 10);
INSERT INTO Comment (commentID, text, dateTime, commenterID, targetID) VALUES (193, 'Lorem ipsum dolor sit amet, consectetuer adipiscing elit. Proin risus. Praesent lectus. Vestibulum quam sapien, varius ut, blandit non, interdum in, ante.', '7/1/2025', 34, 11);
INSERT INTO Comment (commentID, text, dateTime, commenterID, targetID) VALUES (194, 'Pellentesque eget nunc. Donec quis orci eget orci vehicula condimentum.', '2/8/2025', 15, 18);
INSERT INTO Comment (commentID, text, dateTime, commenterID, targetID) VALUES (195, 'Nulla suscipit ligula in lacus. Curabitur at ipsum ac tellus semper interdum. Mauris ullamcorper purus sit amet nulla. Quisque arcu libero, rutrum ac, lobortis vel, dapibus at, diam. Nam tristique tortor eu pede.', '1/4/2025', 23, 46);
INSERT INTO Comment (commentID, text, dateTime, commenterID, targetID) VALUES (196, 'Suspendisse accumsan tortor quis turpis. Sed ante. Vivamus tortor. Duis mattis egestas metus. Aenean fermentum. Donec ut mauris eget massa tempor convallis. Nulla neque libero, convallis eget, eleifend luctus, ultricies eu, nibh. Quisque id justo sit amet sapien dignissim vestibulum. Vestibulum ante ipsum primis in faucibus orci luctus et ultrices posuere cubilia Curae; Nulla dapibus dolor vel est. Donec odio justo, sollicitudin ut, suscipit a, feugiat et, eros.', '12/7/2024', 30, 20);
INSERT INTO Comment (commentID, text, dateTime, commenterID, targetID) VALUES (197, 'Fusce consequat. Nulla nisl. Nunc nisl. Duis bibendum, felis sed interdum venenatis, turpis enim blandit mi, in porttitor pede justo eu massa. Donec dapibus. Duis at velit eu est congue elementum. In hac habitasse platea dictumst. Morbi vestibulum, velit id pretium iaculis, diam erat fermentum justo, nec condimentum neque sapien placerat ante. Nulla justo.', '11/27/2025', 6, 29);
INSERT INTO Comment (commentID, text, dateTime, commenterID, targetID) VALUES (198, 'Maecenas ut massa quis augue luctus tincidunt. Nulla mollis molestie lorem. Quisque ut erat. Curabitur gravida nisi at nibh. In hac habitasse platea dictumst.', '10/2/2025', 25, 30);
INSERT INTO Comment (commentID, text, dateTime, commenterID, targetID) VALUES (199, 'Pellentesque eget nunc. Donec quis orci eget orci vehicula condimentum. Curabitur in libero ut massa volutpat convallis. Morbi odio odio, elementum eu, interdum eu, tincidunt in, leo. Maecenas pulvinar lobortis est. Phasellus sit amet erat. Nulla tempus. Vivamus in felis eu sapien cursus vestibulum. Proin eu mi.', '7/31/2025', 4, 12);
INSERT INTO Comment (commentID, text, dateTime, commenterID, targetID) VALUES (200, 'In est risus, auctor sed, tristique in, tempus sit amet, sem. Fusce consequat. Nulla nisl. Nunc nisl. Duis bibendum, felis sed interdum venenatis, turpis enim blandit mi, in porttitor pede justo eu massa. Donec dapibus. Duis at velit eu est congue elementum. In hac habitasse platea dictumst. Morbi vestibulum, velit id pretium iaculis, diam erat fermentum justo, nec condimentum neque sapien placerat ante. Nulla justo.', '7/20/2025', 13, 6);

-- INSERT statements for Event table
-- Source: Event.csv
-- Total records: 40

INSERT INTO Event (eventID, location, dateTime, teamID) VALUES (1, 'Qingzhou', '11/17/2025', 6);
INSERT INTO Event (eventID, location, dateTime, teamID) VALUES (2, 'Moyuan', '11/26/2025', 5);
INSERT INTO Event (eventID, location, dateTime, teamID) VALUES (3, 'Moses', '12/25/2024', 6);
INSERT INTO Event (eventID, location, dateTime, teamID) VALUES (4, 'Ust-Koksa', '5/24/2025', 6);
INSERT INTO Event (eventID, location, dateTime, teamID) VALUES (5, 'Beigucheng', '10/29/2025', 2);
INSERT INTO Event (eventID, location, dateTime, teamID) VALUES (6, 'Mikhaylovskoye', '12/7/2024', 2);
INSERT INTO Event (eventID, location, dateTime, teamID) VALUES (7, 'Tiegai', '4/10/2025', 1);
INSERT INTO Event (eventID, location, dateTime, teamID) VALUES (8, 'Zgornje Jezersko', '4/9/2025', 4);
INSERT INTO Event (eventID, location, dateTime, teamID) VALUES (9, 'Hanfeng', '10/1/2025', 6);
INSERT INTO Event (eventID, location, dateTime, teamID) VALUES (10, 'Hrazdan', '10/6/2025', 6);
INSERT INTO Event (eventID, location, dateTime, teamID) VALUES (11, 'Hongwei', '1/29/2025', 6);
INSERT INTO Event (eventID, location, dateTime, teamID) VALUES (12, 'Pata', '4/7/2025', 3);
INSERT INTO Event (eventID, location, dateTime, teamID) VALUES (13, 'Sheksna', '10/31/2025', 1);
INSERT INTO Event (eventID, location, dateTime, teamID) VALUES (14, 'Muaralabuh', '12/2/2025', 2);
INSERT INTO Event (eventID, location, dateTime, teamID) VALUES (15, 'Longquan', '3/5/2025', 5);
INSERT INTO Event (eventID, location, dateTime, teamID) VALUES (16, 'Luzern', '8/10/2025', 6);
INSERT INTO Event (eventID, location, dateTime, teamID) VALUES (17, 'Archngelos', '11/2/2025', 1);
INSERT INTO Event (eventID, location, dateTime, teamID) VALUES (18, 'Pasir Mas', '3/12/2025', 2);
INSERT INTO Event (eventID, location, dateTime, teamID) VALUES (19, 'Pejibaye', '5/30/2025', 3);
INSERT INTO Event (eventID, location, dateTime, teamID) VALUES (20, 'Toledo', '10/23/2025', 1);
INSERT INTO Event (eventID, location, dateTime, teamID) VALUES (21, 'Itag', '10/28/2025', 1);
INSERT INTO Event (eventID, location, dateTime, teamID) VALUES (22, 'Visconde do Rio Branco', '3/7/2025', 6);
INSERT INTO Event (eventID, location, dateTime, teamID) VALUES (23, 'Asahi', '2/26/2025', 5);
INSERT INTO Event (eventID, location, dateTime, teamID) VALUES (24, 'Cikiruh', '4/19/2025', 1);
INSERT INTO Event (eventID, location, dateTime, teamID) VALUES (25, 'Zhujiang', '3/3/2025', 5);
INSERT INTO Event (eventID, location, dateTime, teamID) VALUES (26, 'Udomlya', '2/5/2025', 2);
INSERT INTO Event (eventID, location, dateTime, teamID) VALUES (27, 'Budagovo', '1/6/2025', 3);
INSERT INTO Event (eventID, location, dateTime, teamID) VALUES (28, 'Storuman', '3/6/2025', 1);
INSERT INTO Event (eventID, location, dateTime, teamID) VALUES (29, 'San Gregorio', '6/29/2025', 4);
INSERT INTO Event (eventID, location, dateTime, teamID) VALUES (30, 'Ban Ko Lan', '2/25/2025', 6);
INSERT INTO Event (eventID, location, dateTime, teamID) VALUES (31, 'omazy', '2/19/2025', 3);
INSERT INTO Event (eventID, location, dateTime, teamID) VALUES (32, 'Vsters', '4/6/2025', 1);
INSERT INTO Event (eventID, location, dateTime, teamID) VALUES (33, 'Eldoret', '12/9/2024', 6);
INSERT INTO Event (eventID, location, dateTime, teamID) VALUES (34, 'Al udaydah', '1/15/2025', 2);
INSERT INTO Event (eventID, location, dateTime, teamID) VALUES (35, 'Claveria', '11/11/2025', 5);
INSERT INTO Event (eventID, location, dateTime, teamID) VALUES (36, 'Settat', '8/9/2025', 3);
INSERT INTO Event (eventID, location, dateTime, teamID) VALUES (37, 'New Orleans', '5/16/2025', 4);
INSERT INTO Event (eventID, location, dateTime, teamID) VALUES (38, 'Viosa do Cear', '10/25/2025', 5);
INSERT INTO Event (eventID, location, dateTime, teamID) VALUES (39, 'Tutayev', '1/10/2025', 6);
INSERT INTO Event (eventID, location, dateTime, teamID) VALUES (40, 'Karanggeneng', '9/15/2025', 3);

-- INSERT statements for Injury table
-- Source: Injury.csv
-- Total records: 75

INSERT INTO Injury (injuryID, injuryType, injuryDate, recoveryDate, gender, playerID) VALUES (1, 'Concussion', '7/28/2025', '1/30/2025', 'Female', 26);
INSERT INTO Injury (injuryID, injuryType, injuryDate, recoveryDate, gender, playerID) VALUES (2, 'Concussion', '5/12/2025', '6/15/2025', 'Male', 47);
INSERT INTO Injury (injuryID, injuryType, injuryDate, recoveryDate, gender, playerID) VALUES (3, 'Hamstring', '12/15/2024', '6/16/2025', 'Female', 7);
INSERT INTO Injury (injuryID, injuryType, injuryDate, recoveryDate, gender, playerID) VALUES (4, 'Concussion', '6/14/2025', '9/15/2025', 'Female', 8);
INSERT INTO Injury (injuryID, injuryType, injuryDate, recoveryDate, gender, playerID) VALUES (5, 'ACL', '9/29/2025', '5/24/2025', 'Female', 33);
INSERT INTO Injury (injuryID, injuryType, injuryDate, recoveryDate, gender, playerID) VALUES (6, 'Concussion', '4/28/2025', '5/4/2025', 'Female', 19);
INSERT INTO Injury (injuryID, injuryType, injuryDate, recoveryDate, gender, playerID) VALUES (7, 'Hamstring', '9/21/2025', '7/19/2025', 'Female', 24);
INSERT INTO Injury (injuryID, injuryType, injuryDate, recoveryDate, gender, playerID) VALUES (8, 'Concussion', '7/9/2025', '3/29/2025', 'Male', 44);
INSERT INTO Injury (injuryID, injuryType, injuryDate, recoveryDate, gender, playerID) VALUES (9, 'ACL', '8/22/2025', '2/17/2025', 'Female', 17);
INSERT INTO Injury (injuryID, injuryType, injuryDate, recoveryDate, gender, playerID) VALUES (10, 'Hamstring', '3/16/2025', '1/29/2025', 'Male', 40);
INSERT INTO Injury (injuryID, injuryType, injuryDate, recoveryDate, gender, playerID) VALUES (11, 'ACL', '6/26/2025', '3/9/2025', 'Female', 2);
INSERT INTO Injury (injuryID, injuryType, injuryDate, recoveryDate, gender, playerID) VALUES (12, 'Concussion', '1/28/2025', '7/7/2025', 'Male', 27);
INSERT INTO Injury (injuryID, injuryType, injuryDate, recoveryDate, gender, playerID) VALUES (13, 'ACL', '2/26/2025', '11/24/2025', 'Female', 25);
INSERT INTO Injury (injuryID, injuryType, injuryDate, recoveryDate, gender, playerID) VALUES (14, 'ACL', '5/4/2025', '7/4/2025', 'Female', 34);
INSERT INTO Injury (injuryID, injuryType, injuryDate, recoveryDate, gender, playerID) VALUES (15, 'Hamstring', '4/5/2025', '12/5/2025', 'Male', 21);
INSERT INTO Injury (injuryID, injuryType, injuryDate, recoveryDate, gender, playerID) VALUES (16, 'ACL', '6/7/2025', '10/19/2025', 'Male', 42);
INSERT INTO Injury (injuryID, injuryType, injuryDate, recoveryDate, gender, playerID) VALUES (17, 'Concussion', '5/26/2025', '9/8/2025', 'Male', 48);
INSERT INTO Injury (injuryID, injuryType, injuryDate, recoveryDate, gender, playerID) VALUES (18, 'ACL', '9/21/2025', '1/23/2025', 'Male', 10);
INSERT INTO Injury (injuryID, injuryType, injuryDate, recoveryDate, gender, playerID) VALUES (19, 'Concussion', '3/2/2025', '9/20/2025', 'Male', 34);
INSERT INTO Injury (injuryID, injuryType, injuryDate, recoveryDate, gender, playerID) VALUES (20, 'Concussion', '6/10/2025', '9/10/2025', 'Polygender', 7);
INSERT INTO Injury (injuryID, injuryType, injuryDate, recoveryDate, gender, playerID) VALUES (21, 'ACL', '12/31/2024', '4/26/2025', 'Female', 42);
INSERT INTO Injury (injuryID, injuryType, injuryDate, recoveryDate, gender, playerID) VALUES (22, 'Concussion', '11/14/2025', '3/6/2025', 'Female', 8);
INSERT INTO Injury (injuryID, injuryType, injuryDate, recoveryDate, gender, playerID) VALUES (23, 'Hamstring', '8/1/2025', '1/13/2025', 'Non-binary', 39);
INSERT INTO Injury (injuryID, injuryType, injuryDate, recoveryDate, gender, playerID) VALUES (24, 'ACL', '8/25/2025', '4/1/2025', 'Female', 1);
INSERT INTO Injury (injuryID, injuryType, injuryDate, recoveryDate, gender, playerID) VALUES (25, 'Hamstring', '10/11/2025', '10/8/2025', 'Female', 13);
INSERT INTO Injury (injuryID, injuryType, injuryDate, recoveryDate, gender, playerID) VALUES (26, 'Concussion', '8/19/2025', '11/1/2025', 'Female', 12);
INSERT INTO Injury (injuryID, injuryType, injuryDate, recoveryDate, gender, playerID) VALUES (27, 'ACL', '5/9/2025', '4/8/2025', 'Male', 36);
INSERT INTO Injury (injuryID, injuryType, injuryDate, recoveryDate, gender, playerID) VALUES (28, 'Hamstring', '1/27/2025', '4/11/2025', 'Male', 38);
INSERT INTO Injury (injuryID, injuryType, injuryDate, recoveryDate, gender, playerID) VALUES (29, 'Concussion', '7/18/2025', '11/20/2025', 'Female', 33);
INSERT INTO Injury (injuryID, injuryType, injuryDate, recoveryDate, gender, playerID) VALUES (30, 'Concussion', '7/17/2025', '10/2/2025', 'Male', 8);
INSERT INTO Injury (injuryID, injuryType, injuryDate, recoveryDate, gender, playerID) VALUES (31, 'Hamstring', '1/10/2025', '4/8/2025', 'Male', 47);
INSERT INTO Injury (injuryID, injuryType, injuryDate, recoveryDate, gender, playerID) VALUES (32, 'Concussion', '8/9/2025', '3/19/2025', 'Male', 6);
INSERT INTO Injury (injuryID, injuryType, injuryDate, recoveryDate, gender, playerID) VALUES (33, 'Hamstring', '2/8/2025', '7/30/2025', 'Male', 16);
INSERT INTO Injury (injuryID, injuryType, injuryDate, recoveryDate, gender, playerID) VALUES (34, 'Hamstring', '7/19/2025', '10/17/2025', 'Male', 41);
INSERT INTO Injury (injuryID, injuryType, injuryDate, recoveryDate, gender, playerID) VALUES (35, 'ACL', '10/1/2025', '4/29/2025', 'Female', 26);
INSERT INTO Injury (injuryID, injuryType, injuryDate, recoveryDate, gender, playerID) VALUES (36, 'Concussion', '3/17/2025', '11/4/2025', 'Male', 46);
INSERT INTO Injury (injuryID, injuryType, injuryDate, recoveryDate, gender, playerID) VALUES (37, 'ACL', '3/8/2025', '7/22/2025', 'Female', 31);
INSERT INTO Injury (injuryID, injuryType, injuryDate, recoveryDate, gender, playerID) VALUES (38, 'Hamstring', '12/6/2024', '10/8/2025', 'Female', 23);
INSERT INTO Injury (injuryID, injuryType, injuryDate, recoveryDate, gender, playerID) VALUES (39, 'Hamstring', '5/19/2025', '6/20/2025', 'Male', 4);
INSERT INTO Injury (injuryID, injuryType, injuryDate, recoveryDate, gender, playerID) VALUES (40, 'ACL', '12/31/2024', '8/23/2025', 'Female', 22);
INSERT INTO Injury (injuryID, injuryType, injuryDate, recoveryDate, gender, playerID) VALUES (41, 'ACL', '5/21/2025', '4/3/2025', 'Female', 18);
INSERT INTO Injury (injuryID, injuryType, injuryDate, recoveryDate, gender, playerID) VALUES (42, 'Concussion', '10/17/2025', '9/8/2025', 'Male', 40);
INSERT INTO Injury (injuryID, injuryType, injuryDate, recoveryDate, gender, playerID) VALUES (43, 'Hamstring', '2/13/2025', '4/19/2025', 'Male', 12);
INSERT INTO Injury (injuryID, injuryType, injuryDate, recoveryDate, gender, playerID) VALUES (44, 'Concussion', '7/4/2025', '3/10/2025', 'Female', 33);
INSERT INTO Injury (injuryID, injuryType, injuryDate, recoveryDate, gender, playerID) VALUES (45, 'Concussion', '10/18/2025', '8/8/2025', 'Male', 13);
INSERT INTO Injury (injuryID, injuryType, injuryDate, recoveryDate, gender, playerID) VALUES (46, 'ACL', '12/28/2024', '5/6/2025', 'Female', 35);
INSERT INTO Injury (injuryID, injuryType, injuryDate, recoveryDate, gender, playerID) VALUES (47, 'Hamstring', '9/4/2025', '7/27/2025', 'Male', 30);
INSERT INTO Injury (injuryID, injuryType, injuryDate, recoveryDate, gender, playerID) VALUES (48, 'Concussion', '7/16/2025', '12/23/2024', 'Female', 20);
INSERT INTO Injury (injuryID, injuryType, injuryDate, recoveryDate, gender, playerID) VALUES (49, 'Concussion', '6/19/2025', '9/10/2025', 'Female', 39);
INSERT INTO Injury (injuryID, injuryType, injuryDate, recoveryDate, gender, playerID) VALUES (50, 'Concussion', '1/18/2025', '1/11/2025', 'Polygender', 29);
INSERT INTO Injury (injuryID, injuryType, injuryDate, recoveryDate, gender, playerID) VALUES (51, 'Hamstring', '12/13/2024', '2/26/2025', 'Female', 15);
INSERT INTO Injury (injuryID, injuryType, injuryDate, recoveryDate, gender, playerID) VALUES (52, 'Concussion', '3/9/2025', '5/28/2025', 'Genderfluid', 26);
INSERT INTO Injury (injuryID, injuryType, injuryDate, recoveryDate, gender, playerID) VALUES (53, 'ACL', '7/8/2025', '3/1/2025', 'Female', 15);
INSERT INTO Injury (injuryID, injuryType, injuryDate, recoveryDate, gender, playerID) VALUES (54, 'ACL', '1/22/2025', '1/31/2025', 'Female', 37);
INSERT INTO Injury (injuryID, injuryType, injuryDate, recoveryDate, gender, playerID) VALUES (55, 'ACL', '4/12/2025', '12/12/2024', 'Male', 27);
INSERT INTO Injury (injuryID, injuryType, injuryDate, recoveryDate, gender, playerID) VALUES (56, 'ACL', '9/1/2025', '5/17/2025', 'Male', 7);
INSERT INTO Injury (injuryID, injuryType, injuryDate, recoveryDate, gender, playerID) VALUES (57, 'ACL', '3/9/2025', '9/5/2025', 'Male', 23);
INSERT INTO Injury (injuryID, injuryType, injuryDate, recoveryDate, gender, playerID) VALUES (58, 'ACL', '9/22/2025', '6/20/2025', 'Female', 14);
INSERT INTO Injury (injuryID, injuryType, injuryDate, recoveryDate, gender, playerID) VALUES (59, 'Hamstring', '11/19/2025', '4/21/2025', 'Male', 46);
INSERT INTO Injury (injuryID, injuryType, injuryDate, recoveryDate, gender, playerID) VALUES (60, 'Concussion', '8/20/2025', '1/26/2025', 'Male', 26);
INSERT INTO Injury (injuryID, injuryType, injuryDate, recoveryDate, gender, playerID) VALUES (61, 'Hamstring', '5/5/2025', '10/31/2025', 'Male', 48);
INSERT INTO Injury (injuryID, injuryType, injuryDate, recoveryDate, gender, playerID) VALUES (62, 'Hamstring', '11/4/2025', '7/22/2025', 'Female', 13);
INSERT INTO Injury (injuryID, injuryType, injuryDate, recoveryDate, gender, playerID) VALUES (63, 'Hamstring', '3/27/2025', '11/12/2025', 'Polygender', 11);
INSERT INTO Injury (injuryID, injuryType, injuryDate, recoveryDate, gender, playerID) VALUES (64, 'Hamstring', '3/14/2025', '3/14/2025', 'Female', 10);
INSERT INTO Injury (injuryID, injuryType, injuryDate, recoveryDate, gender, playerID) VALUES (65, 'Concussion', '2/1/2025', '6/2/2025', 'Female', 14);
INSERT INTO Injury (injuryID, injuryType, injuryDate, recoveryDate, gender, playerID) VALUES (66, 'Concussion', '8/20/2025', '2/8/2025', 'Female', 40);
INSERT INTO Injury (injuryID, injuryType, injuryDate, recoveryDate, gender, playerID) VALUES (67, 'ACL', '10/20/2025', '12/17/2024', 'Female', 47);
INSERT INTO Injury (injuryID, injuryType, injuryDate, recoveryDate, gender, playerID) VALUES (68, 'Concussion', '9/7/2025', '12/4/2025', 'Male', 12);
INSERT INTO Injury (injuryID, injuryType, injuryDate, recoveryDate, gender, playerID) VALUES (69, 'ACL', '1/2/2025', '2/25/2025', 'Female', 1);
INSERT INTO Injury (injuryID, injuryType, injuryDate, recoveryDate, gender, playerID) VALUES (70, 'Hamstring', '5/18/2025', '3/2/2025', 'Female', 36);
INSERT INTO Injury (injuryID, injuryType, injuryDate, recoveryDate, gender, playerID) VALUES (71, 'Hamstring', '7/1/2025', '5/14/2025', 'Male', 2);
INSERT INTO Injury (injuryID, injuryType, injuryDate, recoveryDate, gender, playerID) VALUES (72, 'Concussion', '12/2/2025', '7/24/2025', 'Genderfluid', 5);
INSERT INTO Injury (injuryID, injuryType, injuryDate, recoveryDate, gender, playerID) VALUES (73, 'ACL', '6/15/2025', '11/11/2025', 'Female', 27);
INSERT INTO Injury (injuryID, injuryType, injuryDate, recoveryDate, gender, playerID) VALUES (74, 'Concussion', '8/26/2025', '8/6/2025', 'Male', 31);
INSERT INTO Injury (injuryID, injuryType, injuryDate, recoveryDate, gender, playerID) VALUES (75, 'ACL', '1/19/2025', '12/9/2024', 'Female', 37);

-- INSERT statements for Player table
-- Source: Player.csv
-- Total records: 96

INSERT INTO Player (playerID, name, position, gradYear, phoneNumber, jerseyNumber, teamID) VALUES (1, 'Bordie Balfe', 'Forward', 2025, '687-657-3785', 97, 4);
INSERT INTO Player (playerID, name, position, gradYear, phoneNumber, jerseyNumber, teamID) VALUES (2, 'Monty Follan', 'Forward', 2029, '972-209-0643', 81, 1);
INSERT INTO Player (playerID, name, position, gradYear, phoneNumber, jerseyNumber, teamID) VALUES (3, 'Shellysheldon Dilon', 'Goalkeeper', 2025, '809-993-8726', 61, 5);
INSERT INTO Player (playerID, name, position, gradYear, phoneNumber, jerseyNumber, teamID) VALUES (4, 'Debera Proger', 'Goalkeeper', 2025, '127-877-4151', 48, 4);
INSERT INTO Player (playerID, name, position, gradYear, phoneNumber, jerseyNumber, teamID) VALUES (5, 'Cassie Kynan', 'Midfielder', 2026, '253-402-2297', 92, 6);
INSERT INTO Player (playerID, name, position, gradYear, phoneNumber, jerseyNumber, teamID) VALUES (6, 'Leoline Dimitrescu', 'Defender', 2025, '652-212-1602', 37, 3);
INSERT INTO Player (playerID, name, position, gradYear, phoneNumber, jerseyNumber, teamID) VALUES (7, 'Emmie Gavin', 'Midfielder', 2026, '467-403-8801', 80, 1);
INSERT INTO Player (playerID, name, position, gradYear, phoneNumber, jerseyNumber, teamID) VALUES (8, 'Nickey Lambertson', 'Midfielder', 2029, '465-911-5092', 88, 4);
INSERT INTO Player (playerID, name, position, gradYear, phoneNumber, jerseyNumber, teamID) VALUES (9, 'Mic Dorrance', 'Goalkeeper', 2028, '297-691-9411', 63, 6);
INSERT INTO Player (playerID, name, position, gradYear, phoneNumber, jerseyNumber, teamID) VALUES (10, 'Aubrey McWhannel', 'Midfielder', 2028, '448-858-9776', 34, 6);
INSERT INTO Player (playerID, name, position, gradYear, phoneNumber, jerseyNumber, teamID) VALUES (11, 'Roda Chaim', 'Forward', 2027, '752-102-4592', 84, 4);
INSERT INTO Player (playerID, name, position, gradYear, phoneNumber, jerseyNumber, teamID) VALUES (12, 'Charyl Skyrme', 'Midfielder', 2025, '727-838-9038', 88, 2);
INSERT INTO Player (playerID, name, position, gradYear, phoneNumber, jerseyNumber, teamID) VALUES (13, 'Bearnard Btham', 'Defender', 2025, '717-644-2477', 74, 4);
INSERT INTO Player (playerID, name, position, gradYear, phoneNumber, jerseyNumber, teamID) VALUES (14, 'Arlee Tuminini', 'Forward', 2026, '136-387-1034', 43, 5);
INSERT INTO Player (playerID, name, position, gradYear, phoneNumber, jerseyNumber, teamID) VALUES (15, 'Olva Badsey', 'Defender', 2027, '705-452-3649', 36, 1);
INSERT INTO Player (playerID, name, position, gradYear, phoneNumber, jerseyNumber, teamID) VALUES (16, 'Issiah Borit', 'Midfielder', 2025, '660-725-3354', 44, 2);
INSERT INTO Player (playerID, name, position, gradYear, phoneNumber, jerseyNumber, teamID) VALUES (17, 'Goraud Farmiloe', 'Defender', 2026, '305-441-3024', 2, 1);
INSERT INTO Player (playerID, name, position, gradYear, phoneNumber, jerseyNumber, teamID) VALUES (18, 'Jojo Lashbrook', 'Forward', 2029, '363-185-5730', 18, 5);
INSERT INTO Player (playerID, name, position, gradYear, phoneNumber, jerseyNumber, teamID) VALUES (19, 'Guilbert Josef', 'Midfielder', 2029, '158-681-9530', 18, 3);
INSERT INTO Player (playerID, name, position, gradYear, phoneNumber, jerseyNumber, teamID) VALUES (20, 'Emily Fraczek', 'Goalkeeper', 2028, '186-594-6458', 53, 5);
INSERT INTO Player (playerID, name, position, gradYear, phoneNumber, jerseyNumber, teamID) VALUES (21, 'Papageno Blurton', 'Forward', 2025, '572-837-4246', 13, 4);
INSERT INTO Player (playerID, name, position, gradYear, phoneNumber, jerseyNumber, teamID) VALUES (22, 'Lorrin Waite', 'Defender', 2028, '258-249-7782', 58, 4);
INSERT INTO Player (playerID, name, position, gradYear, phoneNumber, jerseyNumber, teamID) VALUES (23, 'Missie Gowthorpe', 'Midfielder', 2026, '545-149-0188', 3, 6);
INSERT INTO Player (playerID, name, position, gradYear, phoneNumber, jerseyNumber, teamID) VALUES (24, 'Edee Nelhams', 'Defender', 2025, '462-415-2984', 79, 3);
INSERT INTO Player (playerID, name, position, gradYear, phoneNumber, jerseyNumber, teamID) VALUES (25, 'Brodie Sailes', 'Defender', 2027, '904-455-7290', 40, 4);
INSERT INTO Player (playerID, name, position, gradYear, phoneNumber, jerseyNumber, teamID) VALUES (26, 'Veronika Matyugin', 'Defender', 2029, '858-445-9423', 69, 6);
INSERT INTO Player (playerID, name, position, gradYear, phoneNumber, jerseyNumber, teamID) VALUES (27, 'Irita MacTurlough', 'Defender', 2026, '331-370-5509', 51, 3);
INSERT INTO Player (playerID, name, position, gradYear, phoneNumber, jerseyNumber, teamID) VALUES (28, 'Winonah Gozard', 'Goalkeeper', 2027, '743-341-4935', 53, 5);
INSERT INTO Player (playerID, name, position, gradYear, phoneNumber, jerseyNumber, teamID) VALUES (29, 'Joleen Stabler', 'Midfielder', 2029, '663-787-7097', 73, 4);
INSERT INTO Player (playerID, name, position, gradYear, phoneNumber, jerseyNumber, teamID) VALUES (30, 'Lenard Tayloe', 'Goalkeeper', 2029, '181-135-7381', 95, 1);
INSERT INTO Player (playerID, name, position, gradYear, phoneNumber, jerseyNumber, teamID) VALUES (31, 'Alastair Causon', 'Defender', 2027, '810-103-2210', 2, 4);
INSERT INTO Player (playerID, name, position, gradYear, phoneNumber, jerseyNumber, teamID) VALUES (32, 'Cameron Downage', 'Goalkeeper', 2027, '939-139-0668', 76, 5);
INSERT INTO Player (playerID, name, position, gradYear, phoneNumber, jerseyNumber, teamID) VALUES (33, 'Glenn Gasnell', 'Forward', 2028, '979-723-7213', 23, 2);
INSERT INTO Player (playerID, name, position, gradYear, phoneNumber, jerseyNumber, teamID) VALUES (34, 'Goldie Wims', 'Goalkeeper', 2028, '170-178-3374', 66, 4);
INSERT INTO Player (playerID, name, position, gradYear, phoneNumber, jerseyNumber, teamID) VALUES (35, 'Tabbitha Paniman', 'Defender', 2025, '188-880-8195', 81, 1);
INSERT INTO Player (playerID, name, position, gradYear, phoneNumber, jerseyNumber, teamID) VALUES (36, 'Natalina Law', 'Defender', 2027, '275-618-6254', 55, 6);
INSERT INTO Player (playerID, name, position, gradYear, phoneNumber, jerseyNumber, teamID) VALUES (37, 'Donalt Fittes', 'Defender', 2026, '796-955-3609', 50, 6);
INSERT INTO Player (playerID, name, position, gradYear, phoneNumber, jerseyNumber, teamID) VALUES (38, 'Agnes Flanner', 'Goalkeeper', 2029, '773-131-4321', 45, 5);
INSERT INTO Player (playerID, name, position, gradYear, phoneNumber, jerseyNumber, teamID) VALUES (39, 'Stacy Ughi', 'Midfielder', 2029, '659-839-4703', 4, 3);
INSERT INTO Player (playerID, name, position, gradYear, phoneNumber, jerseyNumber, teamID) VALUES (40, 'Lorrayne Peel', 'Midfielder', 2027, '199-411-3847', 34, 5);
INSERT INTO Player (playerID, name, position, gradYear, phoneNumber, jerseyNumber, teamID) VALUES (41, 'Thain Patman', 'Goalkeeper', 2025, '523-456-8563', 91, 2);
INSERT INTO Player (playerID, name, position, gradYear, phoneNumber, jerseyNumber, teamID) VALUES (42, 'Arne Slide', 'Midfielder', 2029, '513-938-1778', 44, 4);
INSERT INTO Player (playerID, name, position, gradYear, phoneNumber, jerseyNumber, teamID) VALUES (43, 'Lilla Brookzie', 'Goalkeeper', 2028, '964-822-6554', 45, 5);
INSERT INTO Player (playerID, name, position, gradYear, phoneNumber, jerseyNumber, teamID) VALUES (44, 'Katinka Dowda', 'Midfielder', 2025, '748-837-5274', 32, 2);
INSERT INTO Player (playerID, name, position, gradYear, phoneNumber, jerseyNumber, teamID) VALUES (45, 'Claudelle Cummings', 'Forward', 2029, '609-988-8859', 28, 4);
INSERT INTO Player (playerID, name, position, gradYear, phoneNumber, jerseyNumber, teamID) VALUES (46, 'Teriann Hellings', 'Defender', 2028, '761-552-7970', 31, 5);
INSERT INTO Player (playerID, name, position, gradYear, phoneNumber, jerseyNumber, teamID) VALUES (47, 'Fernanda Leupoldt', 'Goalkeeper', 2025, '140-537-5725', 39, 3);
INSERT INTO Player (playerID, name, position, gradYear, phoneNumber, jerseyNumber, teamID) VALUES (48, 'Otho Rowthorn', 'Midfielder', 2027, '349-408-5426', 36, 6);
INSERT INTO Player (playerID, name, position, gradYear, phoneNumber, jerseyNumber, teamID) VALUES (49, 'Sonnnie Kirsche', 'Goalkeeper', 2026, '286-811-1693', 45, 6);
INSERT INTO Player (playerID, name, position, gradYear, phoneNumber, jerseyNumber, teamID) VALUES (50, 'Tedra Draude', 'Midfielder', 2029, '474-981-4126', 27, 4);
INSERT INTO Player (playerID, name, position, gradYear, phoneNumber, jerseyNumber, teamID) VALUES (51, 'Patrice Costock', 'Midfielder', 2026, '152-357-1905', 81, 5);
INSERT INTO Player (playerID, name, position, gradYear, phoneNumber, jerseyNumber, teamID) VALUES (52, 'Cathyleen Bossingham', 'Midfielder', 2028, '382-564-7803', 13, 3);
INSERT INTO Player (playerID, name, position, gradYear, phoneNumber, jerseyNumber, teamID) VALUES (53, 'Maynard Hendrik', 'Forward', 2026, '770-978-4784', 47, 5);
INSERT INTO Player (playerID, name, position, gradYear, phoneNumber, jerseyNumber, teamID) VALUES (54, 'Bentley Rice', 'Forward', 2029, '401-698-2956', 75, 6);
INSERT INTO Player (playerID, name, position, gradYear, phoneNumber, jerseyNumber, teamID) VALUES (55, 'Betti Bezant', 'Goalkeeper', 2027, '477-290-6005', 29, 5);
INSERT INTO Player (playerID, name, position, gradYear, phoneNumber, jerseyNumber, teamID) VALUES (56, 'Floria Morphew', 'Defender', 2026, '242-912-0618', 54, 4);
INSERT INTO Player (playerID, name, position, gradYear, phoneNumber, jerseyNumber, teamID) VALUES (57, 'Burty Peasey', 'Midfielder', 2025, '399-278-8371', 22, 1);
INSERT INTO Player (playerID, name, position, gradYear, phoneNumber, jerseyNumber, teamID) VALUES (58, 'Tricia Milward', 'Goalkeeper', 2026, '385-279-0571', 68, 1);
INSERT INTO Player (playerID, name, position, gradYear, phoneNumber, jerseyNumber, teamID) VALUES (59, 'Christyna Nealand', 'Goalkeeper', 2025, '177-297-6039', 33, 2);
INSERT INTO Player (playerID, name, position, gradYear, phoneNumber, jerseyNumber, teamID) VALUES (60, 'Aubrette Hartmann', 'Goalkeeper', 2028, '320-768-6717', 65, 6);
INSERT INTO Player (playerID, name, position, gradYear, phoneNumber, jerseyNumber, teamID) VALUES (61, 'Veronica Arnoud', 'Forward', 2025, '837-177-6840', 87, 6);
INSERT INTO Player (playerID, name, position, gradYear, phoneNumber, jerseyNumber, teamID) VALUES (62, 'Marguerite Houndson', 'Defender', 2027, '333-740-2938', 88, 1);
INSERT INTO Player (playerID, name, position, gradYear, phoneNumber, jerseyNumber, teamID) VALUES (63, 'Olwen Woodfin', 'Defender', 2027, '476-507-3273', 57, 3);
INSERT INTO Player (playerID, name, position, gradYear, phoneNumber, jerseyNumber, teamID) VALUES (64, 'Edy Spalton', 'Goalkeeper', 2025, '692-915-5585', 13, 3);
INSERT INTO Player (playerID, name, position, gradYear, phoneNumber, jerseyNumber, teamID) VALUES (65, 'Erhart Tanguy', 'Midfielder', 2025, '622-981-7582', 41, 5);
INSERT INTO Player (playerID, name, position, gradYear, phoneNumber, jerseyNumber, teamID) VALUES (66, 'Lizzie Thornewell', 'Midfielder', 2025, '597-993-4421', 72, 6);
INSERT INTO Player (playerID, name, position, gradYear, phoneNumber, jerseyNumber, teamID) VALUES (67, 'Madonna MacCaig', 'Forward', 2025, '342-715-6983', 48, 2);
INSERT INTO Player (playerID, name, position, gradYear, phoneNumber, jerseyNumber, teamID) VALUES (68, 'Candide Mathew', 'Midfielder', 2029, '308-552-7617', 62, 5);
INSERT INTO Player (playerID, name, position, gradYear, phoneNumber, jerseyNumber, teamID) VALUES (69, 'Seamus Rubrow', 'Forward', 2025, '551-702-9552', 77, 1);
INSERT INTO Player (playerID, name, position, gradYear, phoneNumber, jerseyNumber, teamID) VALUES (70, 'Jard Mustarde', 'Midfielder', 2029, '119-232-2225', 73, 3);
INSERT INTO Player (playerID, name, position, gradYear, phoneNumber, jerseyNumber, teamID) VALUES (71, 'Julianna Pherps', 'Forward', 2029, '832-463-7318', 9, 4);
INSERT INTO Player (playerID, name, position, gradYear, phoneNumber, jerseyNumber, teamID) VALUES (72, 'Bobina Crush', 'Defender', 2026, '619-182-0482', 24, 2);
INSERT INTO Player (playerID, name, position, gradYear, phoneNumber, jerseyNumber, teamID) VALUES (73, 'Karisa Bayley', 'Defender', 2029, '321-210-2324', 74, 1);
INSERT INTO Player (playerID, name, position, gradYear, phoneNumber, jerseyNumber, teamID) VALUES (74, 'Willa Gornall', 'Midfielder', 2029, '688-460-9196', 8, 4);
INSERT INTO Player (playerID, name, position, gradYear, phoneNumber, jerseyNumber, teamID) VALUES (75, 'Jacquelyn Verner', 'Forward', 2028, '610-583-0734', 66, 2);
INSERT INTO Player (playerID, name, position, gradYear, phoneNumber, jerseyNumber, teamID) VALUES (76, 'Rodrique Ellif', 'Goalkeeper', 2025, '714-417-0925', 15, 2);
INSERT INTO Player (playerID, name, position, gradYear, phoneNumber, jerseyNumber, teamID) VALUES (77, 'Delly Baraja', 'Goalkeeper', 2025, '342-195-5456', 65, 1);
INSERT INTO Player (playerID, name, position, gradYear, phoneNumber, jerseyNumber, teamID) VALUES (78, 'Viole Baack', 'Forward', 2027, '342-342-2879', 18, 3);
INSERT INTO Player (playerID, name, position, gradYear, phoneNumber, jerseyNumber, teamID) VALUES (79, 'Ode Benninck', 'Goalkeeper', 2029, '203-815-8676', 2, 4);
INSERT INTO Player (playerID, name, position, gradYear, phoneNumber, jerseyNumber, teamID) VALUES (80, 'Adolpho Fellow', 'Forward', 2025, '620-845-5521', 40, 1);
INSERT INTO Player (playerID, name, position, gradYear, phoneNumber, jerseyNumber, teamID) VALUES (81, 'Asher Fearnill', 'Forward', 2027, '605-508-2146', 71, 5);
INSERT INTO Player (playerID, name, position, gradYear, phoneNumber, jerseyNumber, teamID) VALUES (82, 'Maren Aberdein', 'Defender', 2025, '221-785-4639', 64, 5);
INSERT INTO Player (playerID, name, position, gradYear, phoneNumber, jerseyNumber, teamID) VALUES (83, 'Amy Colenutt', 'Defender', 2025, '698-924-4900', 77, 4);
INSERT INTO Player (playerID, name, position, gradYear, phoneNumber, jerseyNumber, teamID) VALUES (84, 'Filbert Mayger', 'Goalkeeper', 2026, '293-140-0693', 65, 2);
INSERT INTO Player (playerID, name, position, gradYear, phoneNumber, jerseyNumber, teamID) VALUES (85, 'Dona Girton', 'Forward', 2028, '176-741-1071', 82, 2);
INSERT INTO Player (playerID, name, position, gradYear, phoneNumber, jerseyNumber, teamID) VALUES (86, 'Lorraine Hallagan', 'Defender', 2025, '727-992-6353', 61, 6);
INSERT INTO Player (playerID, name, position, gradYear, phoneNumber, jerseyNumber, teamID) VALUES (87, 'Kaycee Siggens', 'Defender', 2028, '646-870-5553', 98, 1);
INSERT INTO Player (playerID, name, position, gradYear, phoneNumber, jerseyNumber, teamID) VALUES (88, 'Clerissa Burch', 'Forward', 2026, '139-529-0917', 4, 2);
INSERT INTO Player (playerID, name, position, gradYear, phoneNumber, jerseyNumber, teamID) VALUES (89, 'Donielle Geistbeck', 'Defender', 2028, '336-359-2830', 89, 1);
INSERT INTO Player (playerID, name, position, gradYear, phoneNumber, jerseyNumber, teamID) VALUES (90, 'Shelia Fazan', 'Goalkeeper', 2027, '733-105-8739', 53, 4);
INSERT INTO Player (playerID, name, position, gradYear, phoneNumber, jerseyNumber, teamID) VALUES (91, 'Janel Bollam', 'Forward', 2025, '937-383-6131', 24, 1);
INSERT INTO Player (playerID, name, position, gradYear, phoneNumber, jerseyNumber, teamID) VALUES (92, 'Lynn Kreutzer', 'Defender', 2028, '198-393-8786', 34, 4);
INSERT INTO Player (playerID, name, position, gradYear, phoneNumber, jerseyNumber, teamID) VALUES (93, 'Monah Prodrick', 'Goalkeeper', 2029, '638-723-9394', 28, 6);
INSERT INTO Player (playerID, name, position, gradYear, phoneNumber, jerseyNumber, teamID) VALUES (94, 'Kristine Vellender', 'Midfielder', 2026, '850-678-9507', 44, 3);
INSERT INTO Player (playerID, name, position, gradYear, phoneNumber, jerseyNumber, teamID) VALUES (95, 'Read Howells', 'Defender', 2027, '770-387-9983', 56, 1);
INSERT INTO Player (playerID, name, position, gradYear, phoneNumber, jerseyNumber, teamID) VALUES (96, 'Thomas Roberson', 'Midfielder', 2028, '532-592-4352', 15, 4);

-- INSERT statements for PlayerEvent table
-- Source: PlayerEvent.csv
-- Total records: 150

INSERT INTO PlayerEvent (eventID, playerID) VALUES (17, 3);
INSERT INTO PlayerEvent (eventID, playerID) VALUES (7, 23);
INSERT INTO PlayerEvent (eventID, playerID) VALUES (14, 2);
INSERT INTO PlayerEvent (eventID, playerID) VALUES (9, 8);
INSERT INTO PlayerEvent (eventID, playerID) VALUES (14, 5);
INSERT INTO PlayerEvent (eventID, playerID) VALUES (2, 38);
INSERT INTO PlayerEvent (eventID, playerID) VALUES (3, 36);
INSERT INTO PlayerEvent (eventID, playerID) VALUES (4, 25);
INSERT INTO PlayerEvent (eventID, playerID) VALUES (4, 34);
INSERT INTO PlayerEvent (eventID, playerID) VALUES (5, 33);
INSERT INTO PlayerEvent (eventID, playerID) VALUES (20, 7);
INSERT INTO PlayerEvent (eventID, playerID) VALUES (11, 48);
INSERT INTO PlayerEvent (eventID, playerID) VALUES (20, 48);
INSERT INTO PlayerEvent (eventID, playerID) VALUES (16, 40);
INSERT INTO PlayerEvent (eventID, playerID) VALUES (10, 30);
INSERT INTO PlayerEvent (eventID, playerID) VALUES (3, 37);
INSERT INTO PlayerEvent (eventID, playerID) VALUES (2, 12);
INSERT INTO PlayerEvent (eventID, playerID) VALUES (6, 9);
INSERT INTO PlayerEvent (eventID, playerID) VALUES (10, 29);
INSERT INTO PlayerEvent (eventID, playerID) VALUES (18, 18);
INSERT INTO PlayerEvent (eventID, playerID) VALUES (15, 43);
INSERT INTO PlayerEvent (eventID, playerID) VALUES (13, 12);
INSERT INTO PlayerEvent (eventID, playerID) VALUES (1, 27);
INSERT INTO PlayerEvent (eventID, playerID) VALUES (5, 24);
INSERT INTO PlayerEvent (eventID, playerID) VALUES (20, 14);
INSERT INTO PlayerEvent (eventID, playerID) VALUES (16, 41);
INSERT INTO PlayerEvent (eventID, playerID) VALUES (1, 20);
INSERT INTO PlayerEvent (eventID, playerID) VALUES (7, 43);
INSERT INTO PlayerEvent (eventID, playerID) VALUES (16, 42);
INSERT INTO PlayerEvent (eventID, playerID) VALUES (13, 2);
INSERT INTO PlayerEvent (eventID, playerID) VALUES (8, 27);
INSERT INTO PlayerEvent (eventID, playerID) VALUES (7, 45);
INSERT INTO PlayerEvent (eventID, playerID) VALUES (14, 7);
INSERT INTO PlayerEvent (eventID, playerID) VALUES (10, 5);
INSERT INTO PlayerEvent (eventID, playerID) VALUES (5, 16);
INSERT INTO PlayerEvent (eventID, playerID) VALUES (12, 2);
INSERT INTO PlayerEvent (eventID, playerID) VALUES (16, 39);
INSERT INTO PlayerEvent (eventID, playerID) VALUES (10, 43);
INSERT INTO PlayerEvent (eventID, playerID) VALUES (20, 26);
INSERT INTO PlayerEvent (eventID, playerID) VALUES (2, 44);
INSERT INTO PlayerEvent (eventID, playerID) VALUES (6, 24);
INSERT INTO PlayerEvent (eventID, playerID) VALUES (17, 17);
INSERT INTO PlayerEvent (eventID, playerID) VALUES (7, 41);
INSERT INTO PlayerEvent (eventID, playerID) VALUES (11, 37);
INSERT INTO PlayerEvent (eventID, playerID) VALUES (1, 45);
INSERT INTO PlayerEvent (eventID, playerID) VALUES (2, 10);
INSERT INTO PlayerEvent (eventID, playerID) VALUES (15, 18);
INSERT INTO PlayerEvent (eventID, playerID) VALUES (16, 40);
INSERT INTO PlayerEvent (eventID, playerID) VALUES (13, 46);
INSERT INTO PlayerEvent (eventID, playerID) VALUES (15, 2);
INSERT INTO PlayerEvent (eventID, playerID) VALUES (7, 13);
INSERT INTO PlayerEvent (eventID, playerID) VALUES (4, 5);
INSERT INTO PlayerEvent (eventID, playerID) VALUES (5, 45);
INSERT INTO PlayerEvent (eventID, playerID) VALUES (3, 21);
INSERT INTO PlayerEvent (eventID, playerID) VALUES (14, 15);
INSERT INTO PlayerEvent (eventID, playerID) VALUES (15, 18);
INSERT INTO PlayerEvent (eventID, playerID) VALUES (18, 7);
INSERT INTO PlayerEvent (eventID, playerID) VALUES (12, 19);
INSERT INTO PlayerEvent (eventID, playerID) VALUES (5, 13);
INSERT INTO PlayerEvent (eventID, playerID) VALUES (2, 42);
INSERT INTO PlayerEvent (eventID, playerID) VALUES (19, 48);
INSERT INTO PlayerEvent (eventID, playerID) VALUES (2, 34);
INSERT INTO PlayerEvent (eventID, playerID) VALUES (8, 24);
INSERT INTO PlayerEvent (eventID, playerID) VALUES (1, 46);
INSERT INTO PlayerEvent (eventID, playerID) VALUES (4, 4);
INSERT INTO PlayerEvent (eventID, playerID) VALUES (11, 11);
INSERT INTO PlayerEvent (eventID, playerID) VALUES (10, 48);
INSERT INTO PlayerEvent (eventID, playerID) VALUES (7, 39);
INSERT INTO PlayerEvent (eventID, playerID) VALUES (2, 38);
INSERT INTO PlayerEvent (eventID, playerID) VALUES (11, 15);
INSERT INTO PlayerEvent (eventID, playerID) VALUES (9, 13);
INSERT INTO PlayerEvent (eventID, playerID) VALUES (16, 28);
INSERT INTO PlayerEvent (eventID, playerID) VALUES (2, 41);
INSERT INTO PlayerEvent (eventID, playerID) VALUES (9, 29);
INSERT INTO PlayerEvent (eventID, playerID) VALUES (11, 44);
INSERT INTO PlayerEvent (eventID, playerID) VALUES (10, 36);
INSERT INTO PlayerEvent (eventID, playerID) VALUES (16, 10);
INSERT INTO PlayerEvent (eventID, playerID) VALUES (6, 29);
INSERT INTO PlayerEvent (eventID, playerID) VALUES (3, 19);
INSERT INTO PlayerEvent (eventID, playerID) VALUES (12, 18);
INSERT INTO PlayerEvent (eventID, playerID) VALUES (14, 4);
INSERT INTO PlayerEvent (eventID, playerID) VALUES (15, 16);
INSERT INTO PlayerEvent (eventID, playerID) VALUES (8, 34);
INSERT INTO PlayerEvent (eventID, playerID) VALUES (16, 38);
INSERT INTO PlayerEvent (eventID, playerID) VALUES (1, 26);
INSERT INTO PlayerEvent (eventID, playerID) VALUES (12, 29);
INSERT INTO PlayerEvent (eventID, playerID) VALUES (3, 10);
INSERT INTO PlayerEvent (eventID, playerID) VALUES (2, 13);
INSERT INTO PlayerEvent (eventID, playerID) VALUES (16, 22);
INSERT INTO PlayerEvent (eventID, playerID) VALUES (1, 39);
INSERT INTO PlayerEvent (eventID, playerID) VALUES (12, 1);
INSERT INTO PlayerEvent (eventID, playerID) VALUES (14, 47);
INSERT INTO PlayerEvent (eventID, playerID) VALUES (5, 48);
INSERT INTO PlayerEvent (eventID, playerID) VALUES (15, 8);
INSERT INTO PlayerEvent (eventID, playerID) VALUES (8, 9);
INSERT INTO PlayerEvent (eventID, playerID) VALUES (11, 37);
INSERT INTO PlayerEvent (eventID, playerID) VALUES (8, 27);
INSERT INTO PlayerEvent (eventID, playerID) VALUES (5, 16);
INSERT INTO PlayerEvent (eventID, playerID) VALUES (10, 20);
INSERT INTO PlayerEvent (eventID, playerID) VALUES (4, 17);
INSERT INTO PlayerEvent (eventID, playerID) VALUES (10, 1);
INSERT INTO PlayerEvent (eventID, playerID) VALUES (8, 28);
INSERT INTO PlayerEvent (eventID, playerID) VALUES (7, 43);
INSERT INTO PlayerEvent (eventID, playerID) VALUES (4, 8);
INSERT INTO PlayerEvent (eventID, playerID) VALUES (19, 41);
INSERT INTO PlayerEvent (eventID, playerID) VALUES (6, 10);
INSERT INTO PlayerEvent (eventID, playerID) VALUES (10, 29);
INSERT INTO PlayerEvent (eventID, playerID) VALUES (15, 43);
INSERT INTO PlayerEvent (eventID, playerID) VALUES (16, 10);
INSERT INTO PlayerEvent (eventID, playerID) VALUES (7, 4);
INSERT INTO PlayerEvent (eventID, playerID) VALUES (17, 43);
INSERT INTO PlayerEvent (eventID, playerID) VALUES (2, 16);
INSERT INTO PlayerEvent (eventID, playerID) VALUES (8, 13);
INSERT INTO PlayerEvent (eventID, playerID) VALUES (15, 18);
INSERT INTO PlayerEvent (eventID, playerID) VALUES (12, 20);
INSERT INTO PlayerEvent (eventID, playerID) VALUES (5, 29);
INSERT INTO PlayerEvent (eventID, playerID) VALUES (18, 30);
INSERT INTO PlayerEvent (eventID, playerID) VALUES (11, 19);
INSERT INTO PlayerEvent (eventID, playerID) VALUES (6, 42);
INSERT INTO PlayerEvent (eventID, playerID) VALUES (9, 27);
INSERT INTO PlayerEvent (eventID, playerID) VALUES (11, 20);
INSERT INTO PlayerEvent (eventID, playerID) VALUES (8, 1);
INSERT INTO PlayerEvent (eventID, playerID) VALUES (4, 19);
INSERT INTO PlayerEvent (eventID, playerID) VALUES (19, 41);
INSERT INTO PlayerEvent (eventID, playerID) VALUES (19, 32);
INSERT INTO PlayerEvent (eventID, playerID) VALUES (3, 16);
INSERT INTO PlayerEvent (eventID, playerID) VALUES (9, 24);
INSERT INTO PlayerEvent (eventID, playerID) VALUES (16, 38);
INSERT INTO PlayerEvent (eventID, playerID) VALUES (6, 1);
INSERT INTO PlayerEvent (eventID, playerID) VALUES (4, 43);
INSERT INTO PlayerEvent (eventID, playerID) VALUES (14, 20);
INSERT INTO PlayerEvent (eventID, playerID) VALUES (7, 6);
INSERT INTO PlayerEvent (eventID, playerID) VALUES (1, 29);
INSERT INTO PlayerEvent (eventID, playerID) VALUES (12, 5);
INSERT INTO PlayerEvent (eventID, playerID) VALUES (5, 15);
INSERT INTO PlayerEvent (eventID, playerID) VALUES (11, 35);
INSERT INTO PlayerEvent (eventID, playerID) VALUES (8, 39);
INSERT INTO PlayerEvent (eventID, playerID) VALUES (13, 2);
INSERT INTO PlayerEvent (eventID, playerID) VALUES (17, 31);
INSERT INTO PlayerEvent (eventID, playerID) VALUES (2, 17);
INSERT INTO PlayerEvent (eventID, playerID) VALUES (10, 47);
INSERT INTO PlayerEvent (eventID, playerID) VALUES (18, 23);
INSERT INTO PlayerEvent (eventID, playerID) VALUES (20, 44);
INSERT INTO PlayerEvent (eventID, playerID) VALUES (15, 40);
INSERT INTO PlayerEvent (eventID, playerID) VALUES (18, 13);
INSERT INTO PlayerEvent (eventID, playerID) VALUES (9, 48);
INSERT INTO PlayerEvent (eventID, playerID) VALUES (15, 46);
INSERT INTO PlayerEvent (eventID, playerID) VALUES (14, 30);
INSERT INTO PlayerEvent (eventID, playerID) VALUES (8, 28);
INSERT INTO PlayerEvent (eventID, playerID) VALUES (3, 18);

-- INSERT statements for StatEvent table
-- Source: StatEvent.csv
-- Total records: 250

INSERT INTO StatEvent (statID, dateTime, statType, eventID, playerID) VALUES (1, '12/30/2024', 'Goal', 11, 70);
INSERT INTO StatEvent (statID, dateTime, statType, eventID, playerID) VALUES (2, '7/21/2025', 'Passes', 27, 2);
INSERT INTO StatEvent (statID, dateTime, statType, eventID, playerID) VALUES (3, '5/18/2025', 'Save', 14, 17);
INSERT INTO StatEvent (statID, dateTime, statType, eventID, playerID) VALUES (4, '3/30/2025', 'Passes', 18, 94);
INSERT INTO StatEvent (statID, dateTime, statType, eventID, playerID) VALUES (5, '9/29/2025', 'Goal', 34, 43);
INSERT INTO StatEvent (statID, dateTime, statType, eventID, playerID) VALUES (6, '8/20/2025', 'Passes', 21, 51);
INSERT INTO StatEvent (statID, dateTime, statType, eventID, playerID) VALUES (7, '4/18/2025', 'Assist', 12, 11);
INSERT INTO StatEvent (statID, dateTime, statType, eventID, playerID) VALUES (8, '2/14/2025', 'Passes', 14, 38);
INSERT INTO StatEvent (statID, dateTime, statType, eventID, playerID) VALUES (9, '2/11/2025', 'Passes', 4, 96);
INSERT INTO StatEvent (statID, dateTime, statType, eventID, playerID) VALUES (10, '1/19/2025', 'Assist', 39, 44);
INSERT INTO StatEvent (statID, dateTime, statType, eventID, playerID) VALUES (11, '1/5/2025', 'Goal', 36, 61);
INSERT INTO StatEvent (statID, dateTime, statType, eventID, playerID) VALUES (12, '3/25/2025', 'Save', 15, 54);
INSERT INTO StatEvent (statID, dateTime, statType, eventID, playerID) VALUES (13, '6/20/2025', 'Assist', 34, 35);
INSERT INTO StatEvent (statID, dateTime, statType, eventID, playerID) VALUES (14, '4/15/2025', 'Goal', 33, 39);
INSERT INTO StatEvent (statID, dateTime, statType, eventID, playerID) VALUES (15, '3/18/2025', 'Passes', 35, 34);
INSERT INTO StatEvent (statID, dateTime, statType, eventID, playerID) VALUES (16, '8/13/2025', 'Assist', 31, 26);
INSERT INTO StatEvent (statID, dateTime, statType, eventID, playerID) VALUES (17, '7/2/2025', 'Goal', 32, 89);
INSERT INTO StatEvent (statID, dateTime, statType, eventID, playerID) VALUES (18, '2/4/2025', 'Passes', 14, 95);
INSERT INTO StatEvent (statID, dateTime, statType, eventID, playerID) VALUES (19, '2/15/2025', 'Passes', 12, 67);
INSERT INTO StatEvent (statID, dateTime, statType, eventID, playerID) VALUES (20, '1/16/2025', 'Goal', 10, 72);
INSERT INTO StatEvent (statID, dateTime, statType, eventID, playerID) VALUES (21, '5/22/2025', 'Assist', 4, 4);
INSERT INTO StatEvent (statID, dateTime, statType, eventID, playerID) VALUES (22, '12/27/2024', 'Save', 2, 27);
INSERT INTO StatEvent (statID, dateTime, statType, eventID, playerID) VALUES (23, '6/12/2025', 'Goal', 27, 16);
INSERT INTO StatEvent (statID, dateTime, statType, eventID, playerID) VALUES (24, '11/15/2025', 'Goal', 3, 21);
INSERT INTO StatEvent (statID, dateTime, statType, eventID, playerID) VALUES (25, '6/11/2025', 'Save', 18, 40);
INSERT INTO StatEvent (statID, dateTime, statType, eventID, playerID) VALUES (26, '9/25/2025', 'Assist', 39, 90);
INSERT INTO StatEvent (statID, dateTime, statType, eventID, playerID) VALUES (27, '11/4/2025', 'Goal', 25, 72);
INSERT INTO StatEvent (statID, dateTime, statType, eventID, playerID) VALUES (28, '6/30/2025', 'Goal', 21, 82);
INSERT INTO StatEvent (statID, dateTime, statType, eventID, playerID) VALUES (29, '11/14/2025', 'Passes', 13, 63);
INSERT INTO StatEvent (statID, dateTime, statType, eventID, playerID) VALUES (30, '3/11/2025', 'Save', 27, 33);
INSERT INTO StatEvent (statID, dateTime, statType, eventID, playerID) VALUES (31, '11/24/2025', 'Passes', 9, 39);
INSERT INTO StatEvent (statID, dateTime, statType, eventID, playerID) VALUES (32, '3/3/2025', 'Save', 12, 26);
INSERT INTO StatEvent (statID, dateTime, statType, eventID, playerID) VALUES (33, '11/11/2025', 'Passes', 24, 58);
INSERT INTO StatEvent (statID, dateTime, statType, eventID, playerID) VALUES (34, '10/21/2025', 'Passes', 40, 17);
INSERT INTO StatEvent (statID, dateTime, statType, eventID, playerID) VALUES (35, '3/4/2025', 'Save', 32, 5);
INSERT INTO StatEvent (statID, dateTime, statType, eventID, playerID) VALUES (36, '11/10/2025', 'Assist', 25, 73);
INSERT INTO StatEvent (statID, dateTime, statType, eventID, playerID) VALUES (37, '8/25/2025', 'Save', 27, 75);
INSERT INTO StatEvent (statID, dateTime, statType, eventID, playerID) VALUES (38, '6/6/2025', 'Save', 17, 95);
INSERT INTO StatEvent (statID, dateTime, statType, eventID, playerID) VALUES (39, '9/3/2025', 'Save', 6, 79);
INSERT INTO StatEvent (statID, dateTime, statType, eventID, playerID) VALUES (40, '3/20/2025', 'Assist', 18, 27);
INSERT INTO StatEvent (statID, dateTime, statType, eventID, playerID) VALUES (41, '9/10/2025', 'Assist', 19, 46);
INSERT INTO StatEvent (statID, dateTime, statType, eventID, playerID) VALUES (42, '10/20/2025', 'Passes', 5, 28);
INSERT INTO StatEvent (statID, dateTime, statType, eventID, playerID) VALUES (43, '1/3/2025', 'Goal', 39, 30);
INSERT INTO StatEvent (statID, dateTime, statType, eventID, playerID) VALUES (44, '10/30/2025', 'Passes', 8, 32);
INSERT INTO StatEvent (statID, dateTime, statType, eventID, playerID) VALUES (45, '1/1/2025', 'Goal', 18, 51);
INSERT INTO StatEvent (statID, dateTime, statType, eventID, playerID) VALUES (46, '9/4/2025', 'Passes', 38, 16);
INSERT INTO StatEvent (statID, dateTime, statType, eventID, playerID) VALUES (47, '3/27/2025', 'Goal', 35, 21);
INSERT INTO StatEvent (statID, dateTime, statType, eventID, playerID) VALUES (48, '8/4/2025', 'Passes', 26, 70);
INSERT INTO StatEvent (statID, dateTime, statType, eventID, playerID) VALUES (49, '10/4/2025', 'Passes', 25, 3);
INSERT INTO StatEvent (statID, dateTime, statType, eventID, playerID) VALUES (50, '3/29/2025', 'Save', 3, 12);
INSERT INTO StatEvent (statID, dateTime, statType, eventID, playerID) VALUES (51, '7/12/2025', 'Assist', 13, 47);
INSERT INTO StatEvent (statID, dateTime, statType, eventID, playerID) VALUES (52, '11/9/2025', 'Passes', 36, 24);
INSERT INTO StatEvent (statID, dateTime, statType, eventID, playerID) VALUES (53, '2/17/2025', 'Goal', 27, 42);
INSERT INTO StatEvent (statID, dateTime, statType, eventID, playerID) VALUES (54, '8/1/2025', 'Save', 30, 78);
INSERT INTO StatEvent (statID, dateTime, statType, eventID, playerID) VALUES (55, '1/12/2025', 'Passes', 37, 87);
INSERT INTO StatEvent (statID, dateTime, statType, eventID, playerID) VALUES (56, '11/8/2025', 'Assist', 15, 25);
INSERT INTO StatEvent (statID, dateTime, statType, eventID, playerID) VALUES (57, '10/5/2025', 'Goal', 29, 42);
INSERT INTO StatEvent (statID, dateTime, statType, eventID, playerID) VALUES (58, '7/19/2025', 'Goal', 14, 26);
INSERT INTO StatEvent (statID, dateTime, statType, eventID, playerID) VALUES (59, '4/15/2025', 'Assist', 37, 84);
INSERT INTO StatEvent (statID, dateTime, statType, eventID, playerID) VALUES (60, '9/29/2025', 'Passes', 40, 60);
INSERT INTO StatEvent (statID, dateTime, statType, eventID, playerID) VALUES (61, '5/30/2025', 'Passes', 12, 13);
INSERT INTO StatEvent (statID, dateTime, statType, eventID, playerID) VALUES (62, '3/8/2025', 'Passes', 13, 95);
INSERT INTO StatEvent (statID, dateTime, statType, eventID, playerID) VALUES (63, '5/10/2025', 'Passes', 16, 62);
INSERT INTO StatEvent (statID, dateTime, statType, eventID, playerID) VALUES (64, '3/26/2025', 'Save', 12, 34);
INSERT INTO StatEvent (statID, dateTime, statType, eventID, playerID) VALUES (65, '12/5/2025', 'Save', 18, 42);
INSERT INTO StatEvent (statID, dateTime, statType, eventID, playerID) VALUES (66, '11/10/2025', 'Passes', 32, 62);
INSERT INTO StatEvent (statID, dateTime, statType, eventID, playerID) VALUES (67, '9/1/2025', 'Goal', 31, 24);
INSERT INTO StatEvent (statID, dateTime, statType, eventID, playerID) VALUES (68, '3/5/2025', 'Assist', 10, 8);
INSERT INTO StatEvent (statID, dateTime, statType, eventID, playerID) VALUES (69, '8/17/2025', 'Passes', 35, 46);
INSERT INTO StatEvent (statID, dateTime, statType, eventID, playerID) VALUES (70, '5/17/2025', 'Goal', 36, 1);
INSERT INTO StatEvent (statID, dateTime, statType, eventID, playerID) VALUES (71, '12/24/2024', 'Goal', 20, 41);
INSERT INTO StatEvent (statID, dateTime, statType, eventID, playerID) VALUES (72, '2/8/2025', 'Passes', 6, 34);
INSERT INTO StatEvent (statID, dateTime, statType, eventID, playerID) VALUES (73, '7/24/2025', 'Goal', 25, 38);
INSERT INTO StatEvent (statID, dateTime, statType, eventID, playerID) VALUES (74, '8/6/2025', 'Save', 35, 21);
INSERT INTO StatEvent (statID, dateTime, statType, eventID, playerID) VALUES (75, '12/17/2024', 'Passes', 17, 15);
INSERT INTO StatEvent (statID, dateTime, statType, eventID, playerID) VALUES (76, '4/12/2025', 'Assist', 2, 73);
INSERT INTO StatEvent (statID, dateTime, statType, eventID, playerID) VALUES (77, '12/28/2024', 'Passes', 5, 53);
INSERT INTO StatEvent (statID, dateTime, statType, eventID, playerID) VALUES (78, '10/5/2025', 'Goal', 31, 64);
INSERT INTO StatEvent (statID, dateTime, statType, eventID, playerID) VALUES (79, '12/17/2024', 'Save', 21, 29);
INSERT INTO StatEvent (statID, dateTime, statType, eventID, playerID) VALUES (80, '12/6/2024', 'Save', 9, 4);
INSERT INTO StatEvent (statID, dateTime, statType, eventID, playerID) VALUES (81, '12/22/2024', 'Goal', 40, 47);
INSERT INTO StatEvent (statID, dateTime, statType, eventID, playerID) VALUES (82, '3/10/2025', 'Assist', 15, 75);
INSERT INTO StatEvent (statID, dateTime, statType, eventID, playerID) VALUES (83, '2/3/2025', 'Goal', 19, 40);
INSERT INTO StatEvent (statID, dateTime, statType, eventID, playerID) VALUES (84, '6/6/2025', 'Goal', 13, 17);
INSERT INTO StatEvent (statID, dateTime, statType, eventID, playerID) VALUES (85, '5/21/2025', 'Goal', 13, 34);
INSERT INTO StatEvent (statID, dateTime, statType, eventID, playerID) VALUES (86, '8/1/2025', 'Passes', 27, 44);
INSERT INTO StatEvent (statID, dateTime, statType, eventID, playerID) VALUES (87, '7/15/2025', 'Assist', 32, 2);
INSERT INTO StatEvent (statID, dateTime, statType, eventID, playerID) VALUES (88, '1/6/2025', 'Save', 31, 61);
INSERT INTO StatEvent (statID, dateTime, statType, eventID, playerID) VALUES (89, '8/13/2025', 'Save', 35, 76);
INSERT INTO StatEvent (statID, dateTime, statType, eventID, playerID) VALUES (90, '1/20/2025', 'Goal', 17, 66);
INSERT INTO StatEvent (statID, dateTime, statType, eventID, playerID) VALUES (91, '5/26/2025', 'Save', 22, 11);
INSERT INTO StatEvent (statID, dateTime, statType, eventID, playerID) VALUES (92, '2/26/2025', 'Goal', 16, 88);
INSERT INTO StatEvent (statID, dateTime, statType, eventID, playerID) VALUES (93, '1/7/2025', 'Assist', 21, 24);
INSERT INTO StatEvent (statID, dateTime, statType, eventID, playerID) VALUES (94, '5/10/2025', 'Assist', 29, 72);
INSERT INTO StatEvent (statID, dateTime, statType, eventID, playerID) VALUES (95, '8/17/2025', 'Goal', 14, 63);
INSERT INTO StatEvent (statID, dateTime, statType, eventID, playerID) VALUES (96, '1/28/2025', 'Passes', 25, 75);
INSERT INTO StatEvent (statID, dateTime, statType, eventID, playerID) VALUES (97, '11/7/2025', 'Passes', 18, 49);
INSERT INTO StatEvent (statID, dateTime, statType, eventID, playerID) VALUES (98, '2/7/2025', 'Save', 8, 42);
INSERT INTO StatEvent (statID, dateTime, statType, eventID, playerID) VALUES (99, '5/10/2025', 'Passes', 6, 72);
INSERT INTO StatEvent (statID, dateTime, statType, eventID, playerID) VALUES (100, '4/3/2025', 'Goal', 33, 90);
INSERT INTO StatEvent (statID, dateTime, statType, eventID, playerID) VALUES (101, '10/12/2025', 'Goal', 32, 66);
INSERT INTO StatEvent (statID, dateTime, statType, eventID, playerID) VALUES (102, '2/2/2025', 'Assist', 20, 92);
INSERT INTO StatEvent (statID, dateTime, statType, eventID, playerID) VALUES (103, '7/9/2025', 'Assist', 21, 81);
INSERT INTO StatEvent (statID, dateTime, statType, eventID, playerID) VALUES (104, '12/24/2024', 'Goal', 4, 86);
INSERT INTO StatEvent (statID, dateTime, statType, eventID, playerID) VALUES (105, '11/17/2025', 'Passes', 2, 43);
INSERT INTO StatEvent (statID, dateTime, statType, eventID, playerID) VALUES (106, '4/20/2025', 'Save', 37, 95);
INSERT INTO StatEvent (statID, dateTime, statType, eventID, playerID) VALUES (107, '5/11/2025', 'Goal', 39, 62);
INSERT INTO StatEvent (statID, dateTime, statType, eventID, playerID) VALUES (108, '5/31/2025', 'Goal', 16, 91);
INSERT INTO StatEvent (statID, dateTime, statType, eventID, playerID) VALUES (109, '2/15/2025', 'Save', 40, 71);
INSERT INTO StatEvent (statID, dateTime, statType, eventID, playerID) VALUES (110, '8/11/2025', 'Passes', 4, 78);
INSERT INTO StatEvent (statID, dateTime, statType, eventID, playerID) VALUES (111, '1/15/2025', 'Save', 8, 87);
INSERT INTO StatEvent (statID, dateTime, statType, eventID, playerID) VALUES (112, '5/13/2025', 'Goal', 29, 24);
INSERT INTO StatEvent (statID, dateTime, statType, eventID, playerID) VALUES (113, '8/14/2025', 'Assist', 11, 75);
INSERT INTO StatEvent (statID, dateTime, statType, eventID, playerID) VALUES (114, '8/5/2025', 'Passes', 8, 38);
INSERT INTO StatEvent (statID, dateTime, statType, eventID, playerID) VALUES (115, '11/14/2025', 'Save', 4, 64);
INSERT INTO StatEvent (statID, dateTime, statType, eventID, playerID) VALUES (116, '2/18/2025', 'Passes', 22, 42);
INSERT INTO StatEvent (statID, dateTime, statType, eventID, playerID) VALUES (117, '4/20/2025', 'Save', 20, 52);
INSERT INTO StatEvent (statID, dateTime, statType, eventID, playerID) VALUES (118, '7/16/2025', 'Assist', 2, 51);
INSERT INTO StatEvent (statID, dateTime, statType, eventID, playerID) VALUES (119, '7/9/2025', 'Goal', 29, 33);
INSERT INTO StatEvent (statID, dateTime, statType, eventID, playerID) VALUES (120, '7/2/2025', 'Save', 38, 24);
INSERT INTO StatEvent (statID, dateTime, statType, eventID, playerID) VALUES (121, '3/19/2025', 'Save', 9, 43);
INSERT INTO StatEvent (statID, dateTime, statType, eventID, playerID) VALUES (122, '8/26/2025', 'Save', 4, 28);
INSERT INTO StatEvent (statID, dateTime, statType, eventID, playerID) VALUES (123, '7/2/2025', 'Passes', 2, 4);
INSERT INTO StatEvent (statID, dateTime, statType, eventID, playerID) VALUES (124, '1/29/2025', 'Passes', 17, 14);
INSERT INTO StatEvent (statID, dateTime, statType, eventID, playerID) VALUES (125, '8/24/2025', 'Assist', 22, 60);
INSERT INTO StatEvent (statID, dateTime, statType, eventID, playerID) VALUES (126, '12/21/2024', 'Save', 13, 31);
INSERT INTO StatEvent (statID, dateTime, statType, eventID, playerID) VALUES (127, '2/16/2025', 'Save', 5, 91);
INSERT INTO StatEvent (statID, dateTime, statType, eventID, playerID) VALUES (128, '11/12/2025', 'Assist', 35, 10);
INSERT INTO StatEvent (statID, dateTime, statType, eventID, playerID) VALUES (129, '2/27/2025', 'Assist', 14, 85);
INSERT INTO StatEvent (statID, dateTime, statType, eventID, playerID) VALUES (130, '9/3/2025', 'Assist', 9, 40);
INSERT INTO StatEvent (statID, dateTime, statType, eventID, playerID) VALUES (131, '12/9/2024', 'Goal', 18, 3);
INSERT INTO StatEvent (statID, dateTime, statType, eventID, playerID) VALUES (132, '9/28/2025', 'Save', 12, 64);
INSERT INTO StatEvent (statID, dateTime, statType, eventID, playerID) VALUES (133, '6/18/2025', 'Assist', 36, 86);
INSERT INTO StatEvent (statID, dateTime, statType, eventID, playerID) VALUES (134, '10/25/2025', 'Save', 2, 44);
INSERT INTO StatEvent (statID, dateTime, statType, eventID, playerID) VALUES (135, '8/2/2025', 'Assist', 31, 88);
INSERT INTO StatEvent (statID, dateTime, statType, eventID, playerID) VALUES (136, '12/29/2024', 'Goal', 6, 2);
INSERT INTO StatEvent (statID, dateTime, statType, eventID, playerID) VALUES (137, '5/21/2025', 'Goal', 12, 12);
INSERT INTO StatEvent (statID, dateTime, statType, eventID, playerID) VALUES (138, '1/3/2025', 'Assist', 10, 20);
INSERT INTO StatEvent (statID, dateTime, statType, eventID, playerID) VALUES (139, '7/1/2025', 'Save', 8, 83);
INSERT INTO StatEvent (statID, dateTime, statType, eventID, playerID) VALUES (140, '5/9/2025', 'Passes', 20, 52);
INSERT INTO StatEvent (statID, dateTime, statType, eventID, playerID) VALUES (141, '5/24/2025', 'Passes', 5, 92);
INSERT INTO StatEvent (statID, dateTime, statType, eventID, playerID) VALUES (142, '10/3/2025', 'Passes', 36, 17);
INSERT INTO StatEvent (statID, dateTime, statType, eventID, playerID) VALUES (143, '11/14/2025', 'Passes', 8, 34);
INSERT INTO StatEvent (statID, dateTime, statType, eventID, playerID) VALUES (144, '2/16/2025', 'Save', 13, 86);
INSERT INTO StatEvent (statID, dateTime, statType, eventID, playerID) VALUES (145, '9/4/2025', 'Save', 34, 2);
INSERT INTO StatEvent (statID, dateTime, statType, eventID, playerID) VALUES (146, '12/25/2024', 'Assist', 1, 8);
INSERT INTO StatEvent (statID, dateTime, statType, eventID, playerID) VALUES (147, '1/13/2025', 'Goal', 38, 65);
INSERT INTO StatEvent (statID, dateTime, statType, eventID, playerID) VALUES (148, '10/1/2025', 'Assist', 40, 66);
INSERT INTO StatEvent (statID, dateTime, statType, eventID, playerID) VALUES (149, '3/22/2025', 'Save', 19, 44);
INSERT INTO StatEvent (statID, dateTime, statType, eventID, playerID) VALUES (150, '3/3/2025', 'Assist', 34, 50);
INSERT INTO StatEvent (statID, dateTime, statType, eventID, playerID) VALUES (151, '11/5/2025', 'Save', 6, 64);
INSERT INTO StatEvent (statID, dateTime, statType, eventID, playerID) VALUES (152, '11/6/2025', 'Save', 20, 5);
INSERT INTO StatEvent (statID, dateTime, statType, eventID, playerID) VALUES (153, '9/10/2025', 'Save', 1, 34);
INSERT INTO StatEvent (statID, dateTime, statType, eventID, playerID) VALUES (154, '7/22/2025', 'Save', 17, 30);
INSERT INTO StatEvent (statID, dateTime, statType, eventID, playerID) VALUES (155, '9/2/2025', 'Passes', 25, 5);
INSERT INTO StatEvent (statID, dateTime, statType, eventID, playerID) VALUES (156, '3/22/2025', 'Save', 37, 78);
INSERT INTO StatEvent (statID, dateTime, statType, eventID, playerID) VALUES (157, '8/15/2025', 'Assist', 13, 45);
INSERT INTO StatEvent (statID, dateTime, statType, eventID, playerID) VALUES (158, '12/23/2024', 'Assist', 36, 64);
INSERT INTO StatEvent (statID, dateTime, statType, eventID, playerID) VALUES (159, '4/13/2025', 'Goal', 7, 37);
INSERT INTO StatEvent (statID, dateTime, statType, eventID, playerID) VALUES (160, '2/26/2025', 'Passes', 15, 49);
INSERT INTO StatEvent (statID, dateTime, statType, eventID, playerID) VALUES (161, '9/20/2025', 'Goal', 18, 94);
INSERT INTO StatEvent (statID, dateTime, statType, eventID, playerID) VALUES (162, '6/6/2025', 'Save', 8, 2);
INSERT INTO StatEvent (statID, dateTime, statType, eventID, playerID) VALUES (163, '12/8/2024', 'Passes', 39, 53);
INSERT INTO StatEvent (statID, dateTime, statType, eventID, playerID) VALUES (164, '9/26/2025', 'Passes', 15, 67);
INSERT INTO StatEvent (statID, dateTime, statType, eventID, playerID) VALUES (165, '4/19/2025', 'Assist', 12, 14);
INSERT INTO StatEvent (statID, dateTime, statType, eventID, playerID) VALUES (166, '8/17/2025', 'Goal', 10, 34);
INSERT INTO StatEvent (statID, dateTime, statType, eventID, playerID) VALUES (167, '11/20/2025', 'Assist', 26, 94);
INSERT INTO StatEvent (statID, dateTime, statType, eventID, playerID) VALUES (168, '12/21/2024', 'Passes', 19, 1);
INSERT INTO StatEvent (statID, dateTime, statType, eventID, playerID) VALUES (169, '2/27/2025', 'Assist', 39, 40);
INSERT INTO StatEvent (statID, dateTime, statType, eventID, playerID) VALUES (170, '12/3/2025', 'Goal', 13, 58);
INSERT INTO StatEvent (statID, dateTime, statType, eventID, playerID) VALUES (171, '3/10/2025', 'Assist', 23, 94);
INSERT INTO StatEvent (statID, dateTime, statType, eventID, playerID) VALUES (172, '3/21/2025', 'Assist', 24, 75);
INSERT INTO StatEvent (statID, dateTime, statType, eventID, playerID) VALUES (173, '2/25/2025', 'Passes', 33, 35);
INSERT INTO StatEvent (statID, dateTime, statType, eventID, playerID) VALUES (174, '2/24/2025', 'Passes', 40, 42);
INSERT INTO StatEvent (statID, dateTime, statType, eventID, playerID) VALUES (175, '4/6/2025', 'Goal', 2, 59);
INSERT INTO StatEvent (statID, dateTime, statType, eventID, playerID) VALUES (176, '8/22/2025', 'Passes', 38, 13);
INSERT INTO StatEvent (statID, dateTime, statType, eventID, playerID) VALUES (177, '4/29/2025', 'Save', 24, 41);
INSERT INTO StatEvent (statID, dateTime, statType, eventID, playerID) VALUES (178, '6/26/2025', 'Assist', 9, 17);
INSERT INTO StatEvent (statID, dateTime, statType, eventID, playerID) VALUES (179, '9/12/2025', 'Goal', 32, 47);
INSERT INTO StatEvent (statID, dateTime, statType, eventID, playerID) VALUES (180, '11/14/2025', 'Goal', 3, 5);
INSERT INTO StatEvent (statID, dateTime, statType, eventID, playerID) VALUES (181, '8/16/2025', 'Goal', 21, 11);
INSERT INTO StatEvent (statID, dateTime, statType, eventID, playerID) VALUES (182, '3/31/2025', 'Passes', 5, 53);
INSERT INTO StatEvent (statID, dateTime, statType, eventID, playerID) VALUES (183, '3/31/2025', 'Assist', 11, 26);
INSERT INTO StatEvent (statID, dateTime, statType, eventID, playerID) VALUES (184, '7/2/2025', 'Save', 36, 5);
INSERT INTO StatEvent (statID, dateTime, statType, eventID, playerID) VALUES (185, '3/23/2025', 'Assist', 22, 54);
INSERT INTO StatEvent (statID, dateTime, statType, eventID, playerID) VALUES (186, '1/4/2025', 'Goal', 39, 62);
INSERT INTO StatEvent (statID, dateTime, statType, eventID, playerID) VALUES (187, '3/26/2025', 'Passes', 7, 79);
INSERT INTO StatEvent (statID, dateTime, statType, eventID, playerID) VALUES (188, '12/22/2024', 'Save', 35, 17);
INSERT INTO StatEvent (statID, dateTime, statType, eventID, playerID) VALUES (189, '11/23/2025', 'Passes', 3, 74);
INSERT INTO StatEvent (statID, dateTime, statType, eventID, playerID) VALUES (190, '5/11/2025', 'Save', 8, 77);
INSERT INTO StatEvent (statID, dateTime, statType, eventID, playerID) VALUES (191, '1/22/2025', 'Save', 23, 10);
INSERT INTO StatEvent (statID, dateTime, statType, eventID, playerID) VALUES (192, '1/25/2025', 'Assist', 4, 38);
INSERT INTO StatEvent (statID, dateTime, statType, eventID, playerID) VALUES (193, '1/27/2025', 'Save', 2, 95);
INSERT INTO StatEvent (statID, dateTime, statType, eventID, playerID) VALUES (194, '2/2/2025', 'Goal', 12, 25);
INSERT INTO StatEvent (statID, dateTime, statType, eventID, playerID) VALUES (195, '10/1/2025', 'Assist', 13, 17);
INSERT INTO StatEvent (statID, dateTime, statType, eventID, playerID) VALUES (196, '6/5/2025', 'Save', 25, 23);
INSERT INTO StatEvent (statID, dateTime, statType, eventID, playerID) VALUES (197, '5/1/2025', 'Save', 14, 43);
INSERT INTO StatEvent (statID, dateTime, statType, eventID, playerID) VALUES (198, '2/10/2025', 'Passes', 26, 65);
INSERT INTO StatEvent (statID, dateTime, statType, eventID, playerID) VALUES (199, '10/24/2025', 'Goal', 36, 73);
INSERT INTO StatEvent (statID, dateTime, statType, eventID, playerID) VALUES (200, '7/31/2025', 'Assist', 6, 5);
INSERT INTO StatEvent (statID, dateTime, statType, eventID, playerID) VALUES (201, '10/27/2025', 'Save', 28, 82);
INSERT INTO StatEvent (statID, dateTime, statType, eventID, playerID) VALUES (202, '9/30/2025', 'Goal', 8, 30);
INSERT INTO StatEvent (statID, dateTime, statType, eventID, playerID) VALUES (203, '4/29/2025', 'Goal', 15, 67);
INSERT INTO StatEvent (statID, dateTime, statType, eventID, playerID) VALUES (204, '7/13/2025', 'Goal', 3, 91);
INSERT INTO StatEvent (statID, dateTime, statType, eventID, playerID) VALUES (205, '6/11/2025', 'Assist', 1, 21);
INSERT INTO StatEvent (statID, dateTime, statType, eventID, playerID) VALUES (206, '2/12/2025', 'Goal', 5, 59);
INSERT INTO StatEvent (statID, dateTime, statType, eventID, playerID) VALUES (207, '11/13/2025', 'Save', 21, 90);
INSERT INTO StatEvent (statID, dateTime, statType, eventID, playerID) VALUES (208, '11/27/2025', 'Passes', 34, 58);
INSERT INTO StatEvent (statID, dateTime, statType, eventID, playerID) VALUES (209, '10/4/2025', 'Goal', 39, 78);
INSERT INTO StatEvent (statID, dateTime, statType, eventID, playerID) VALUES (210, '10/30/2025', 'Goal', 28, 71);
INSERT INTO StatEvent (statID, dateTime, statType, eventID, playerID) VALUES (211, '7/26/2025', 'Passes', 1, 43);
INSERT INTO StatEvent (statID, dateTime, statType, eventID, playerID) VALUES (212, '8/10/2025', 'Passes', 24, 16);
INSERT INTO StatEvent (statID, dateTime, statType, eventID, playerID) VALUES (213, '11/18/2025', 'Goal', 6, 96);
INSERT INTO StatEvent (statID, dateTime, statType, eventID, playerID) VALUES (214, '8/18/2025', 'Goal', 33, 89);
INSERT INTO StatEvent (statID, dateTime, statType, eventID, playerID) VALUES (215, '9/9/2025', 'Goal', 14, 28);
INSERT INTO StatEvent (statID, dateTime, statType, eventID, playerID) VALUES (216, '5/14/2025', 'Assist', 32, 2);
INSERT INTO StatEvent (statID, dateTime, statType, eventID, playerID) VALUES (217, '8/4/2025', 'Save', 5, 10);
INSERT INTO StatEvent (statID, dateTime, statType, eventID, playerID) VALUES (218, '5/30/2025', 'Passes', 6, 39);
INSERT INTO StatEvent (statID, dateTime, statType, eventID, playerID) VALUES (219, '12/7/2024', 'Assist', 15, 14);
INSERT INTO StatEvent (statID, dateTime, statType, eventID, playerID) VALUES (220, '7/13/2025', 'Save', 33, 51);
INSERT INTO StatEvent (statID, dateTime, statType, eventID, playerID) VALUES (221, '11/9/2025', 'Save', 18, 59);
INSERT INTO StatEvent (statID, dateTime, statType, eventID, playerID) VALUES (222, '9/4/2025', 'Save', 10, 37);
INSERT INTO StatEvent (statID, dateTime, statType, eventID, playerID) VALUES (223, '12/28/2024', 'Assist', 20, 83);
INSERT INTO StatEvent (statID, dateTime, statType, eventID, playerID) VALUES (224, '10/8/2025', 'Assist', 2, 15);
INSERT INTO StatEvent (statID, dateTime, statType, eventID, playerID) VALUES (225, '4/25/2025', 'Save', 31, 96);
INSERT INTO StatEvent (statID, dateTime, statType, eventID, playerID) VALUES (226, '3/17/2025', 'Passes', 27, 18);
INSERT INTO StatEvent (statID, dateTime, statType, eventID, playerID) VALUES (227, '12/14/2024', 'Goal', 23, 26);
INSERT INTO StatEvent (statID, dateTime, statType, eventID, playerID) VALUES (228, '3/11/2025', 'Goal', 34, 58);
INSERT INTO StatEvent (statID, dateTime, statType, eventID, playerID) VALUES (229, '5/25/2025', 'Assist', 4, 77);
INSERT INTO StatEvent (statID, dateTime, statType, eventID, playerID) VALUES (230, '2/17/2025', 'Passes', 36, 46);
INSERT INTO StatEvent (statID, dateTime, statType, eventID, playerID) VALUES (231, '3/17/2025', 'Passes', 7, 42);
INSERT INTO StatEvent (statID, dateTime, statType, eventID, playerID) VALUES (232, '5/27/2025', 'Goal', 38, 69);
INSERT INTO StatEvent (statID, dateTime, statType, eventID, playerID) VALUES (233, '3/3/2025', 'Save', 25, 95);
INSERT INTO StatEvent (statID, dateTime, statType, eventID, playerID) VALUES (234, '7/2/2025', 'Passes', 35, 32);
INSERT INTO StatEvent (statID, dateTime, statType, eventID, playerID) VALUES (235, '4/26/2025', 'Save', 17, 63);
INSERT INTO StatEvent (statID, dateTime, statType, eventID, playerID) VALUES (236, '12/24/2024', 'Save', 32, 9);
INSERT INTO StatEvent (statID, dateTime, statType, eventID, playerID) VALUES (237, '12/8/2024', 'Assist', 37, 81);
INSERT INTO StatEvent (statID, dateTime, statType, eventID, playerID) VALUES (238, '9/15/2025', 'Passes', 24, 91);
INSERT INTO StatEvent (statID, dateTime, statType, eventID, playerID) VALUES (239, '3/5/2025', 'Save', 3, 52);
INSERT INTO StatEvent (statID, dateTime, statType, eventID, playerID) VALUES (240, '7/30/2025', 'Save', 14, 82);
INSERT INTO StatEvent (statID, dateTime, statType, eventID, playerID) VALUES (241, '5/27/2025', 'Assist', 9, 86);
INSERT INTO StatEvent (statID, dateTime, statType, eventID, playerID) VALUES (242, '9/10/2025', 'Save', 28, 7);
INSERT INTO StatEvent (statID, dateTime, statType, eventID, playerID) VALUES (243, '7/31/2025', 'Save', 26, 25);
INSERT INTO StatEvent (statID, dateTime, statType, eventID, playerID) VALUES (244, '12/29/2024', 'Goal', 30, 50);
INSERT INTO StatEvent (statID, dateTime, statType, eventID, playerID) VALUES (245, '1/17/2025', 'Assist', 19, 75);
INSERT INTO StatEvent (statID, dateTime, statType, eventID, playerID) VALUES (246, '4/22/2025', 'Passes', 11, 94);
INSERT INTO StatEvent (statID, dateTime, statType, eventID, playerID) VALUES (247, '5/15/2025', 'Assist', 22, 38);
INSERT INTO StatEvent (statID, dateTime, statType, eventID, playerID) VALUES (248, '6/21/2025', 'Passes', 39, 41);
INSERT INTO StatEvent (statID, dateTime, statType, eventID, playerID) VALUES (249, '12/9/2024', 'Passes', 40, 44);
INSERT INTO StatEvent (statID, dateTime, statType, eventID, playerID) VALUES (250, '6/20/2025', 'Goal', 16, 27);

-- INSERT statements for Strategy table
-- Source: Strategy.csv
-- Total records: 40

INSERT INTO Strategy (strategyID, formation, coachID) VALUES (1, '4-4-2', 8);
INSERT INTO Strategy (strategyID, formation, coachID) VALUES (2, '4-3-3', 9);
INSERT INTO Strategy (strategyID, formation, coachID) VALUES (3, '4-3-3', 11);
INSERT INTO Strategy (strategyID, formation, coachID) VALUES (4, '4-3-3', 3);
INSERT INTO Strategy (strategyID, formation, coachID) VALUES (5, '4-3-3', 1);
INSERT INTO Strategy (strategyID, formation, coachID) VALUES (6, '4-5-2', 37);
INSERT INTO Strategy (strategyID, formation, coachID) VALUES (7, '4-5-2', 36);
INSERT INTO Strategy (strategyID, formation, coachID) VALUES (8, '4-4-2', 7);
INSERT INTO Strategy (strategyID, formation, coachID) VALUES (9, '4-5-2', 39);
INSERT INTO Strategy (strategyID, formation, coachID) VALUES (10, '4-5-2', 36);
INSERT INTO Strategy (strategyID, formation, coachID) VALUES (11, '4-4-2', 10);
INSERT INTO Strategy (strategyID, formation, coachID) VALUES (12, '4-4-2', 30);
INSERT INTO Strategy (strategyID, formation, coachID) VALUES (13, '4-5-2', 5);
INSERT INTO Strategy (strategyID, formation, coachID) VALUES (14, '4-4-2', 1);
INSERT INTO Strategy (strategyID, formation, coachID) VALUES (15, '4-4-2', 34);
INSERT INTO Strategy (strategyID, formation, coachID) VALUES (16, '4-5-2', 5);
INSERT INTO Strategy (strategyID, formation, coachID) VALUES (17, '4-5-2', 2);
INSERT INTO Strategy (strategyID, formation, coachID) VALUES (18, '4-5-2', 31);
INSERT INTO Strategy (strategyID, formation, coachID) VALUES (19, '4-5-2', 32);
INSERT INTO Strategy (strategyID, formation, coachID) VALUES (20, '4-3-3', 10);
INSERT INTO Strategy (strategyID, formation, coachID) VALUES (21, '4-3-3', 28);
INSERT INTO Strategy (strategyID, formation, coachID) VALUES (22, '4-4-2', 1);
INSERT INTO Strategy (strategyID, formation, coachID) VALUES (23, '4-5-2', 2);
INSERT INTO Strategy (strategyID, formation, coachID) VALUES (24, '4-3-3', 40);
INSERT INTO Strategy (strategyID, formation, coachID) VALUES (25, '4-3-3', 20);
INSERT INTO Strategy (strategyID, formation, coachID) VALUES (26, '4-4-2', 6);
INSERT INTO Strategy (strategyID, formation, coachID) VALUES (27, '4-5-2', 32);
INSERT INTO Strategy (strategyID, formation, coachID) VALUES (28, '4-4-2', 5);
INSERT INTO Strategy (strategyID, formation, coachID) VALUES (29, '4-3-3', 19);
INSERT INTO Strategy (strategyID, formation, coachID) VALUES (30, '4-3-3', 9);
INSERT INTO Strategy (strategyID, formation, coachID) VALUES (31, '4-5-2', 18);
INSERT INTO Strategy (strategyID, formation, coachID) VALUES (32, '4-4-2', 36);
INSERT INTO Strategy (strategyID, formation, coachID) VALUES (33, '4-3-3', 1);
INSERT INTO Strategy (strategyID, formation, coachID) VALUES (34, '4-5-2', 40);
INSERT INTO Strategy (strategyID, formation, coachID) VALUES (35, '4-5-2', 7);
INSERT INTO Strategy (strategyID, formation, coachID) VALUES (36, '4-4-2', 21);
INSERT INTO Strategy (strategyID, formation, coachID) VALUES (37, '4-4-2', 22);
INSERT INTO Strategy (strategyID, formation, coachID) VALUES (38, '4-3-3', 5);
INSERT INTO Strategy (strategyID, formation, coachID) VALUES (39, '4-3-3', 33);
INSERT INTO Strategy (strategyID, formation, coachID) VALUES (40, '4-4-2', 28);

-- INSERT statements for StrategyEvent table
-- Source: StrategyEvent.csv
-- Total records: 150

INSERT INTO StrategyEvent (strategyID, eventID, result) VALUES (18, 26, 'DRAW');
INSERT INTO StrategyEvent (strategyID, eventID, result) VALUES (40, 14, 'LOSS');
INSERT INTO StrategyEvent (strategyID, eventID, result) VALUES (17, 17, 'LOSS');
INSERT INTO StrategyEvent (strategyID, eventID, result) VALUES (33, 25, 'WIN');
INSERT INTO StrategyEvent (strategyID, eventID, result) VALUES (3, 26, 'WIN');
INSERT INTO StrategyEvent (strategyID, eventID, result) VALUES (11, 24, 'WIN');
INSERT INTO StrategyEvent (strategyID, eventID, result) VALUES (13, 15, 'LOSS');
INSERT INTO StrategyEvent (strategyID, eventID, result) VALUES (17, 37, 'DRAW');
INSERT INTO StrategyEvent (strategyID, eventID, result) VALUES (15, 16, 'WIN');
INSERT INTO StrategyEvent (strategyID, eventID, result) VALUES (40, 1, 'DRAW');
INSERT INTO StrategyEvent (strategyID, eventID, result) VALUES (5, 6, 'LOSS');
INSERT INTO StrategyEvent (strategyID, eventID, result) VALUES (22, 27, 'LOSS');
INSERT INTO StrategyEvent (strategyID, eventID, result) VALUES (5, 26, 'LOSS');
INSERT INTO StrategyEvent (strategyID, eventID, result) VALUES (16, 33, 'WIN');
INSERT INTO StrategyEvent (strategyID, eventID, result) VALUES (28, 1, 'WIN');
INSERT INTO StrategyEvent (strategyID, eventID, result) VALUES (6, 38, 'DRAW');
INSERT INTO StrategyEvent (strategyID, eventID, result) VALUES (27, 28, 'WIN');
INSERT INTO StrategyEvent (strategyID, eventID, result) VALUES (31, 13, 'WIN');
INSERT INTO StrategyEvent (strategyID, eventID, result) VALUES (16, 27, 'LOSS');
INSERT INTO StrategyEvent (strategyID, eventID, result) VALUES (21, 1, 'LOSS');
INSERT INTO StrategyEvent (strategyID, eventID, result) VALUES (4, 35, 'LOSS');
INSERT INTO StrategyEvent (strategyID, eventID, result) VALUES (31, 32, 'WIN');
INSERT INTO StrategyEvent (strategyID, eventID, result) VALUES (9, 9, 'DRAW');
INSERT INTO StrategyEvent (strategyID, eventID, result) VALUES (26, 22, 'LOSS');
INSERT INTO StrategyEvent (strategyID, eventID, result) VALUES (34, 39, 'LOSS');
INSERT INTO StrategyEvent (strategyID, eventID, result) VALUES (5, 5, 'LOSS');
INSERT INTO StrategyEvent (strategyID, eventID, result) VALUES (25, 10, 'DRAW');
INSERT INTO StrategyEvent (strategyID, eventID, result) VALUES (8, 36, 'WIN');
INSERT INTO StrategyEvent (strategyID, eventID, result) VALUES (31, 11, 'LOSS');
INSERT INTO StrategyEvent (strategyID, eventID, result) VALUES (23, 18, 'LOSS');
INSERT INTO StrategyEvent (strategyID, eventID, result) VALUES (2, 7, 'WIN');
INSERT INTO StrategyEvent (strategyID, eventID, result) VALUES (27, 28, 'WIN');
INSERT INTO StrategyEvent (strategyID, eventID, result) VALUES (12, 1, 'WIN');
INSERT INTO StrategyEvent (strategyID, eventID, result) VALUES (38, 6, 'LOSS');
INSERT INTO StrategyEvent (strategyID, eventID, result) VALUES (15, 34, 'DRAW');
INSERT INTO StrategyEvent (strategyID, eventID, result) VALUES (13, 27, 'LOSS');
INSERT INTO StrategyEvent (strategyID, eventID, result) VALUES (30, 2, 'WIN');
INSERT INTO StrategyEvent (strategyID, eventID, result) VALUES (38, 5, 'WIN');
INSERT INTO StrategyEvent (strategyID, eventID, result) VALUES (19, 40, 'DRAW');
INSERT INTO StrategyEvent (strategyID, eventID, result) VALUES (9, 30, 'WIN');
INSERT INTO StrategyEvent (strategyID, eventID, result) VALUES (13, 4, 'WIN');
INSERT INTO StrategyEvent (strategyID, eventID, result) VALUES (7, 33, 'LOSS');
INSERT INTO StrategyEvent (strategyID, eventID, result) VALUES (26, 14, 'DRAW');
INSERT INTO StrategyEvent (strategyID, eventID, result) VALUES (24, 5, 'LOSS');
INSERT INTO StrategyEvent (strategyID, eventID, result) VALUES (36, 5, 'DRAW');
INSERT INTO StrategyEvent (strategyID, eventID, result) VALUES (39, 20, 'DRAW');
INSERT INTO StrategyEvent (strategyID, eventID, result) VALUES (38, 29, 'DRAW');
INSERT INTO StrategyEvent (strategyID, eventID, result) VALUES (6, 1, 'LOSS');
INSERT INTO StrategyEvent (strategyID, eventID, result) VALUES (5, 18, 'WIN');
INSERT INTO StrategyEvent (strategyID, eventID, result) VALUES (12, 37, 'DRAW');
INSERT INTO StrategyEvent (strategyID, eventID, result) VALUES (35, 10, 'LOSS');
INSERT INTO StrategyEvent (strategyID, eventID, result) VALUES (7, 8, 'WIN');
INSERT INTO StrategyEvent (strategyID, eventID, result) VALUES (20, 13, 'DRAW');
INSERT INTO StrategyEvent (strategyID, eventID, result) VALUES (10, 19, 'DRAW');
INSERT INTO StrategyEvent (strategyID, eventID, result) VALUES (35, 26, 'WIN');
INSERT INTO StrategyEvent (strategyID, eventID, result) VALUES (33, 18, 'LOSS');
INSERT INTO StrategyEvent (strategyID, eventID, result) VALUES (21, 12, 'WIN');
INSERT INTO StrategyEvent (strategyID, eventID, result) VALUES (37, 2, 'WIN');
INSERT INTO StrategyEvent (strategyID, eventID, result) VALUES (33, 29, 'LOSS');
INSERT INTO StrategyEvent (strategyID, eventID, result) VALUES (26, 17, 'WIN');
INSERT INTO StrategyEvent (strategyID, eventID, result) VALUES (6, 9, 'DRAW');
INSERT INTO StrategyEvent (strategyID, eventID, result) VALUES (10, 22, 'LOSS');
INSERT INTO StrategyEvent (strategyID, eventID, result) VALUES (17, 25, 'WIN');
INSERT INTO StrategyEvent (strategyID, eventID, result) VALUES (37, 3, 'WIN');
INSERT INTO StrategyEvent (strategyID, eventID, result) VALUES (21, 15, 'DRAW');
INSERT INTO StrategyEvent (strategyID, eventID, result) VALUES (28, 22, 'LOSS');
INSERT INTO StrategyEvent (strategyID, eventID, result) VALUES (37, 10, 'WIN');
INSERT INTO StrategyEvent (strategyID, eventID, result) VALUES (1, 34, 'WIN');
INSERT INTO StrategyEvent (strategyID, eventID, result) VALUES (35, 24, 'WIN');
INSERT INTO StrategyEvent (strategyID, eventID, result) VALUES (4, 34, 'DRAW');
INSERT INTO StrategyEvent (strategyID, eventID, result) VALUES (1, 33, 'DRAW');
INSERT INTO StrategyEvent (strategyID, eventID, result) VALUES (8, 17, 'LOSS');
INSERT INTO StrategyEvent (strategyID, eventID, result) VALUES (17, 24, 'DRAW');
INSERT INTO StrategyEvent (strategyID, eventID, result) VALUES (9, 8, 'WIN');
INSERT INTO StrategyEvent (strategyID, eventID, result) VALUES (12, 20, 'LOSS');
INSERT INTO StrategyEvent (strategyID, eventID, result) VALUES (11, 37, 'WIN');
INSERT INTO StrategyEvent (strategyID, eventID, result) VALUES (20, 34, 'LOSS');
INSERT INTO StrategyEvent (strategyID, eventID, result) VALUES (2, 37, 'DRAW');
INSERT INTO StrategyEvent (strategyID, eventID, result) VALUES (5, 31, 'LOSS');
INSERT INTO StrategyEvent (strategyID, eventID, result) VALUES (24, 28, 'WIN');
INSERT INTO StrategyEvent (strategyID, eventID, result) VALUES (12, 16, 'WIN');
INSERT INTO StrategyEvent (strategyID, eventID, result) VALUES (24, 11, 'LOSS');
INSERT INTO StrategyEvent (strategyID, eventID, result) VALUES (14, 3, 'DRAW');
INSERT INTO StrategyEvent (strategyID, eventID, result) VALUES (39, 36, 'DRAW');
INSERT INTO StrategyEvent (strategyID, eventID, result) VALUES (25, 32, 'DRAW');
INSERT INTO StrategyEvent (strategyID, eventID, result) VALUES (4, 28, 'LOSS');
INSERT INTO StrategyEvent (strategyID, eventID, result) VALUES (33, 12, 'LOSS');
INSERT INTO StrategyEvent (strategyID, eventID, result) VALUES (26, 30, 'DRAW');
INSERT INTO StrategyEvent (strategyID, eventID, result) VALUES (10, 7, 'LOSS');
INSERT INTO StrategyEvent (strategyID, eventID, result) VALUES (33, 23, 'WIN');
INSERT INTO StrategyEvent (strategyID, eventID, result) VALUES (3, 6, 'LOSS');
INSERT INTO StrategyEvent (strategyID, eventID, result) VALUES (21, 38, 'WIN');
INSERT INTO StrategyEvent (strategyID, eventID, result) VALUES (36, 34, 'LOSS');
INSERT INTO StrategyEvent (strategyID, eventID, result) VALUES (6, 31, 'LOSS');
INSERT INTO StrategyEvent (strategyID, eventID, result) VALUES (30, 26, 'LOSS');
INSERT INTO StrategyEvent (strategyID, eventID, result) VALUES (22, 4, 'LOSS');
INSERT INTO StrategyEvent (strategyID, eventID, result) VALUES (19, 38, 'WIN');
INSERT INTO StrategyEvent (strategyID, eventID, result) VALUES (35, 20, 'LOSS');
INSERT INTO StrategyEvent (strategyID, eventID, result) VALUES (25, 40, 'LOSS');
INSERT INTO StrategyEvent (strategyID, eventID, result) VALUES (6, 26, 'LOSS');
INSERT INTO StrategyEvent (strategyID, eventID, result) VALUES (22, 17, 'LOSS');
INSERT INTO StrategyEvent (strategyID, eventID, result) VALUES (14, 24, 'WIN');
INSERT INTO StrategyEvent (strategyID, eventID, result) VALUES (12, 32, 'DRAW');
INSERT INTO StrategyEvent (strategyID, eventID, result) VALUES (1, 13, 'DRAW');
INSERT INTO StrategyEvent (strategyID, eventID, result) VALUES (39, 37, 'WIN');
INSERT INTO StrategyEvent (strategyID, eventID, result) VALUES (5, 32, 'LOSS');
INSERT INTO StrategyEvent (strategyID, eventID, result) VALUES (3, 30, 'DRAW');
INSERT INTO StrategyEvent (strategyID, eventID, result) VALUES (34, 40, 'DRAW');
INSERT INTO StrategyEvent (strategyID, eventID, result) VALUES (19, 19, 'LOSS');
INSERT INTO StrategyEvent (strategyID, eventID, result) VALUES (38, 29, 'DRAW');
INSERT INTO StrategyEvent (strategyID, eventID, result) VALUES (18, 15, 'DRAW');
INSERT INTO StrategyEvent (strategyID, eventID, result) VALUES (22, 8, 'LOSS');
INSERT INTO StrategyEvent (strategyID, eventID, result) VALUES (24, 25, 'WIN');
INSERT INTO StrategyEvent (strategyID, eventID, result) VALUES (17, 34, 'DRAW');
INSERT INTO StrategyEvent (strategyID, eventID, result) VALUES (21, 7, 'LOSS');
INSERT INTO StrategyEvent (strategyID, eventID, result) VALUES (37, 32, 'DRAW');
INSERT INTO StrategyEvent (strategyID, eventID, result) VALUES (39, 25, 'WIN');
INSERT INTO StrategyEvent (strategyID, eventID, result) VALUES (22, 2, 'DRAW');
INSERT INTO StrategyEvent (strategyID, eventID, result) VALUES (14, 21, 'LOSS');
INSERT INTO StrategyEvent (strategyID, eventID, result) VALUES (37, 6, 'LOSS');
INSERT INTO StrategyEvent (strategyID, eventID, result) VALUES (25, 13, 'LOSS');
INSERT INTO StrategyEvent (strategyID, eventID, result) VALUES (27, 30, 'WIN');
INSERT INTO StrategyEvent (strategyID, eventID, result) VALUES (7, 12, 'DRAW');
INSERT INTO StrategyEvent (strategyID, eventID, result) VALUES (22, 27, 'WIN');
INSERT INTO StrategyEvent (strategyID, eventID, result) VALUES (23, 20, 'WIN');
INSERT INTO StrategyEvent (strategyID, eventID, result) VALUES (1, 1, 'WIN');
INSERT INTO StrategyEvent (strategyID, eventID, result) VALUES (6, 14, 'DRAW');
INSERT INTO StrategyEvent (strategyID, eventID, result) VALUES (38, 15, 'WIN');
INSERT INTO StrategyEvent (strategyID, eventID, result) VALUES (24, 30, 'DRAW');
INSERT INTO StrategyEvent (strategyID, eventID, result) VALUES (14, 17, 'DRAW');
INSERT INTO StrategyEvent (strategyID, eventID, result) VALUES (5, 19, 'DRAW');
INSERT INTO StrategyEvent (strategyID, eventID, result) VALUES (30, 25, 'DRAW');
INSERT INTO StrategyEvent (strategyID, eventID, result) VALUES (35, 6, 'LOSS');
INSERT INTO StrategyEvent (strategyID, eventID, result) VALUES (37, 18, 'WIN');
INSERT INTO StrategyEvent (strategyID, eventID, result) VALUES (3, 38, 'DRAW');
INSERT INTO StrategyEvent (strategyID, eventID, result) VALUES (18, 4, 'DRAW');
INSERT INTO StrategyEvent (strategyID, eventID, result) VALUES (22, 36, 'DRAW');
INSERT INTO StrategyEvent (strategyID, eventID, result) VALUES (13, 16, 'DRAW');
INSERT INTO StrategyEvent (strategyID, eventID, result) VALUES (19, 34, 'LOSS');
INSERT INTO StrategyEvent (strategyID, eventID, result) VALUES (39, 29, 'DRAW');
INSERT INTO StrategyEvent (strategyID, eventID, result) VALUES (33, 40, 'LOSS');
INSERT INTO StrategyEvent (strategyID, eventID, result) VALUES (34, 9, 'LOSS');
INSERT INTO StrategyEvent (strategyID, eventID, result) VALUES (7, 35, 'LOSS');
INSERT INTO StrategyEvent (strategyID, eventID, result) VALUES (26, 26, 'LOSS');
INSERT INTO StrategyEvent (strategyID, eventID, result) VALUES (20, 31, 'DRAW');
INSERT INTO StrategyEvent (strategyID, eventID, result) VALUES (32, 22, 'DRAW');
INSERT INTO StrategyEvent (strategyID, eventID, result) VALUES (15, 8, 'DRAW');
INSERT INTO StrategyEvent (strategyID, eventID, result) VALUES (29, 39, 'WIN');
INSERT INTO StrategyEvent (strategyID, eventID, result) VALUES (2, 24, 'LOSS');
INSERT INTO StrategyEvent (strategyID, eventID, result) VALUES (8, 13, 'DRAW');

-- INSERT statements for Team table
-- Source: Team.csv
-- Total records: 40

INSERT INTO Team (teamID, teamName, teamColor) VALUES (1, 'Northeastern', 'Violet');
INSERT INTO Team (teamID, teamName, teamColor) VALUES (2, 'Tufts', 'Red');
INSERT INTO Team (teamID, teamName, teamColor) VALUES (3, 'BU', 'Goldenrod');
INSERT INTO Team (teamID, teamName, teamColor) VALUES (4, 'Tufts', 'Turquoise');
INSERT INTO Team (teamID, teamName, teamColor) VALUES (5, 'Northeastern', 'Purple');
INSERT INTO Team (teamID, teamName, teamColor) VALUES (6, 'BU', 'Aquamarine');
INSERT INTO Team (teamID, teamName, teamColor) VALUES (7, 'MIT', 'Indigo');
INSERT INTO Team (teamID, teamName, teamColor) VALUES (8, 'Harvard', 'Violet');
INSERT INTO Team (teamID, teamName, teamColor) VALUES (9, 'BC', 'Mauv');
INSERT INTO Team (teamID, teamName, teamColor) VALUES (10, 'MIT', 'Purple');
INSERT INTO Team (teamID, teamName, teamColor) VALUES (11, 'Harvard', 'Pink');
INSERT INTO Team (teamID, teamName, teamColor) VALUES (12, 'BU', 'Indigo');
INSERT INTO Team (teamID, teamName, teamColor) VALUES (13, 'Northeastern', 'Red');
INSERT INTO Team (teamID, teamName, teamColor) VALUES (14, 'Northeastern', 'Pink');
INSERT INTO Team (teamID, teamName, teamColor) VALUES (15, 'Northeastern', 'Pink');
INSERT INTO Team (teamID, teamName, teamColor) VALUES (16, 'Tufts', 'Violet');
INSERT INTO Team (teamID, teamName, teamColor) VALUES (17, 'Tufts', 'Crimson');
INSERT INTO Team (teamID, teamName, teamColor) VALUES (18, 'MIT', 'Violet');
INSERT INTO Team (teamID, teamName, teamColor) VALUES (19, 'BU', 'Purple');
INSERT INTO Team (teamID, teamName, teamColor) VALUES (20, 'Northeastern', 'Pink');
INSERT INTO Team (teamID, teamName, teamColor) VALUES (21, 'Tufts', 'Khaki');
INSERT INTO Team (teamID, teamName, teamColor) VALUES (22, 'MIT', 'Teal');
INSERT INTO Team (teamID, teamName, teamColor) VALUES (23, 'Northeastern', 'Khaki');
INSERT INTO Team (teamID, teamName, teamColor) VALUES (24, 'BC', 'Mauv');
INSERT INTO Team (teamID, teamName, teamColor) VALUES (25, 'Tufts', 'Red');
INSERT INTO Team (teamID, teamName, teamColor) VALUES (26, 'BC', 'Khaki');
INSERT INTO Team (teamID, teamName, teamColor) VALUES (27, 'Harvard', 'Indigo');
INSERT INTO Team (teamID, teamName, teamColor) VALUES (28, 'MIT', 'Green');
INSERT INTO Team (teamID, teamName, teamColor) VALUES (29, 'Harvard', 'Red');
INSERT INTO Team (teamID, teamName, teamColor) VALUES (30, 'MIT', 'Purple');
INSERT INTO Team (teamID, teamName, teamColor) VALUES (31, 'Harvard', 'Crimson');
INSERT INTO Team (teamID, teamName, teamColor) VALUES (32, 'BC', 'Violet');
INSERT INTO Team (teamID, teamName, teamColor) VALUES (33, 'Northeastern', 'Turquoise');
INSERT INTO Team (teamID, teamName, teamColor) VALUES (34, 'Tufts', 'Khaki');
INSERT INTO Team (teamID, teamName, teamColor) VALUES (35, 'Northeastern', 'Violet');
INSERT INTO Team (teamID, teamName, teamColor) VALUES (36, 'BC', 'Blue');
INSERT INTO Team (teamID, teamName, teamColor) VALUES (37, 'Northeastern', 'Red');
INSERT INTO Team (teamID, teamName, teamColor) VALUES (38, 'Harvard', 'Goldenrod');
INSERT INTO Team (teamID, teamName, teamColor) VALUES (39, 'BU', 'Maroon');
INSERT INTO Team (teamID, teamName, teamColor) VALUES (40, 'Northeastern', 'Crimson');